{"level":30,"time":1765532791957,"pid":84796,"hostname":"reuvens-MacBook-Pro.local","msg":"[DB] Connected to MongoDB"}
{"level":30,"time":1765532791959,"pid":84796,"hostname":"reuvens-MacBook-Pro.local","msg":"Server running on port 4000 in production mode"}
{"level":30,"time":1765537084905,"pid":87590,"hostname":"reuvens-MacBook-Pro.local","msg":"[DB] Connected to MongoDB"}
{"level":30,"time":1765537084907,"pid":87590,"hostname":"reuvens-MacBook-Pro.local","msg":"Server running on port 4000 in production mode"}
{"level":30,"time":1765541067471,"pid":87590,"hostname":"reuvens-MacBook-Pro.local","msg":"Shutting down..."}
{"level":30,"time":1765541067483,"pid":87590,"hostname":"reuvens-MacBook-Pro.local","msg":"[DB] Disconnected from MongoDB"}
{"level":30,"time":1765541112734,"pid":91826,"hostname":"reuvens-MacBook-Pro.local","msg":"[DB] Connected to MongoDB"}
{"level":30,"time":1765541112735,"pid":91826,"hostname":"reuvens-MacBook-Pro.local","msg":"Server running on port 4000 in production mode"}
{"level":30,"time":1765541526332,"pid":92450,"hostname":"reuvens-MacBook-Pro.local","msg":"[DB] Connected to MongoDB"}
{"level":30,"time":1765541526334,"pid":92450,"hostname":"reuvens-MacBook-Pro.local","msg":"Server running on port 4000 in production mode"}
{"level":50,"time":1765541539770,"pid":92450,"hostname":"reuvens-MacBook-Pro.local","msg":"Google auth error:"}
{"level":30,"time":1765542507909,"pid":92450,"hostname":"reuvens-MacBook-Pro.local","msg":"Shutting down..."}
{"level":30,"time":1765542507920,"pid":92450,"hostname":"reuvens-MacBook-Pro.local","msg":"[DB] Disconnected from MongoDB"}
{"level":30,"time":1765542509771,"pid":93490,"hostname":"reuvens-MacBook-Pro.local","msg":"Google OAuth Client ID: "}
{"level":30,"time":1765542509772,"pid":93490,"hostname":"reuvens-MacBook-Pro.local","msg":"Google OAuth Client Initialized: true"}
{"level":30,"time":1765542511523,"pid":93490,"hostname":"reuvens-MacBook-Pro.local","msg":"[DB] Connected to MongoDB"}
{"level":30,"time":1765542511525,"pid":93490,"hostname":"reuvens-MacBook-Pro.local","msg":"Server running on port 3459 in production mode"}
{"level":30,"time":1765542551926,"pid":93490,"hostname":"reuvens-MacBook-Pro.local","msg":"Shutting down..."}
{"level":30,"time":1765542551935,"pid":93490,"hostname":"reuvens-MacBook-Pro.local","msg":"[DB] Disconnected from MongoDB"}
{"level":30,"time":1765542762233,"pid":93831,"hostname":"reuvens-MacBook-Pro.local","msg":"[DB] Connected to MongoDB"}
{"level":30,"time":1765542762234,"pid":93831,"hostname":"reuvens-MacBook-Pro.local","msg":"Server running on port 3459 in production mode"}
{"level":30,"time":1765543441166,"pid":94316,"hostname":"reuvens-MacBook-Pro.local","msg":"[DB] Connected to MongoDB"}
{"level":30,"time":1765543441167,"pid":94316,"hostname":"reuvens-MacBook-Pro.local","msg":"Server running on port 3459 in production mode"}
{"level":30,"time":1765543641177,"pid":94556,"hostname":"reuvens-MacBook-Pro.local","msg":"[DB] Connected to MongoDB"}
{"level":30,"time":1765543641179,"pid":94556,"hostname":"reuvens-MacBook-Pro.local","msg":"Server running on port 3459 in production mode"}
{"level":30,"time":1765543658576,"pid":94556,"hostname":"reuvens-MacBook-Pro.local","msg":"New user registered: dagagareuven@gmail.com"}
{"level":30,"time":1765545165584,"pid":94556,"hostname":"reuvens-MacBook-Pro.local","msg":"Shutting down..."}
{"level":30,"time":1765545165599,"pid":94556,"hostname":"reuvens-MacBook-Pro.local","msg":"[DB] Disconnected from MongoDB"}
{"level":30,"time":1765545168606,"pid":95786,"hostname":"reuvens-MacBook-Pro.local","msg":"[DB] Connected to MongoDB"}
{"level":30,"time":1765545168607,"pid":95786,"hostname":"reuvens-MacBook-Pro.local","msg":"Server running on port 3459 in production mode"}
{"level":30,"time":1765548120008,"pid":1019,"hostname":"reuvens-MacBook-Pro.local","msg":"[DB] Connected to MongoDB"}
{"level":30,"time":1765548120009,"pid":1019,"hostname":"reuvens-MacBook-Pro.local","msg":"Server running on port 3459 in production mode"}
{"level":30,"time":1765642645117,"pid":1019,"hostname":"reuvens-MacBook-Pro.local","msg":"Shutting down..."}
{"level":30,"time":1765642646126,"pid":1019,"hostname":"reuvens-MacBook-Pro.local","msg":"[DB] Disconnected from MongoDB"}
{"level":30,"time":1765642648268,"pid":6104,"hostname":"reuvens-MacBook-Pro.local","msg":"[DB] Connected to MongoDB"}
{"level":30,"time":1765642648270,"pid":6104,"hostname":"reuvens-MacBook-Pro.local","msg":"Server running on port 3459 in production mode"}
{"level":30,"time":1765642678601,"pid":6104,"hostname":"reuvens-MacBook-Pro.local","msg":"Shutting down..."}
{"level":30,"time":1765642678610,"pid":6104,"hostname":"reuvens-MacBook-Pro.local","msg":"[DB] Disconnected from MongoDB"}
{"level":30,"time":1765642680727,"pid":6138,"hostname":"reuvens-MacBook-Pro.local","msg":"[DB] Connected to MongoDB"}
{"level":30,"time":1765642680728,"pid":6138,"hostname":"reuvens-MacBook-Pro.local","msg":"Server running on port 3459 in production mode"}
{"level":30,"time":1765642747197,"pid":6138,"hostname":"reuvens-MacBook-Pro.local","msg":"Shutting down..."}
{"level":30,"time":1765642747215,"pid":6138,"hostname":"reuvens-MacBook-Pro.local","msg":"[DB] Disconnected from MongoDB"}
{"level":30,"time":1765642804430,"pid":6259,"hostname":"reuvens-MacBook-Pro.local","msg":"[DB] Connected to MongoDB"}
{"level":30,"time":1765642804431,"pid":6259,"hostname":"reuvens-MacBook-Pro.local","msg":"Server running on port 3459 in production mode"}
{"level":30,"time":1765642877499,"pid":6259,"hostname":"reuvens-MacBook-Pro.local","msg":"Shutting down..."}
{"level":30,"time":1765642877510,"pid":6259,"hostname":"reuvens-MacBook-Pro.local","msg":"[DB] Disconnected from MongoDB"}
{"level":30,"time":1765642879864,"pid":6302,"hostname":"reuvens-MacBook-Pro.local","msg":"[DB] Connected to MongoDB"}
{"level":30,"time":1765642879866,"pid":6302,"hostname":"reuvens-MacBook-Pro.local","msg":"Server running on port 3459 in production mode"}
{"level":30,"time":1765643134828,"pid":6302,"hostname":"reuvens-MacBook-Pro.local","msg":"Shutting down..."}
{"level":30,"time":1765643134838,"pid":6302,"hostname":"reuvens-MacBook-Pro.local","msg":"[DB] Disconnected from MongoDB"}
{"level":30,"time":1765643136744,"pid":6431,"hostname":"reuvens-MacBook-Pro.local","msg":"[DB] Connected to MongoDB"}
{"level":30,"time":1765643136746,"pid":6431,"hostname":"reuvens-MacBook-Pro.local","msg":"Server running on port 3459 in production mode"}
{"level":30,"time":1765643158487,"pid":6431,"hostname":"reuvens-MacBook-Pro.local","msg":"Shutting down..."}
{"level":30,"time":1765643158499,"pid":6431,"hostname":"reuvens-MacBook-Pro.local","msg":"[DB] Disconnected from MongoDB"}
{"level":30,"time":1765643161262,"pid":6529,"hostname":"reuvens-MacBook-Pro.local","msg":"[DB] Connected to MongoDB"}
{"level":30,"time":1765643161264,"pid":6529,"hostname":"reuvens-MacBook-Pro.local","msg":"Server running on port 3459 in production mode"}
{"level":30,"time":1765643603422,"pid":6529,"hostname":"reuvens-MacBook-Pro.local","msg":"Shutting down..."}
{"level":30,"time":1765643603448,"pid":6529,"hostname":"reuvens-MacBook-Pro.local","msg":"[DB] Disconnected from MongoDB"}
{"level":30,"time":1765643606444,"pid":6823,"hostname":"reuvens-MacBook-Pro.local","msg":"[DB] Connected to MongoDB"}
{"level":30,"time":1765643606445,"pid":6823,"hostname":"reuvens-MacBook-Pro.local","msg":"Server running on port 3459 in production mode"}
{"level":30,"time":1765643671796,"pid":6823,"hostname":"reuvens-MacBook-Pro.local","msg":"Shutting down..."}
{"level":30,"time":1765643671814,"pid":6823,"hostname":"reuvens-MacBook-Pro.local","msg":"[DB] Disconnected from MongoDB"}
{"level":30,"time":1765643673893,"pid":6845,"hostname":"reuvens-MacBook-Pro.local","msg":"[DB] Connected to MongoDB"}
{"level":30,"time":1765643673894,"pid":6845,"hostname":"reuvens-MacBook-Pro.local","msg":"Server running on port 3459 in production mode"}
{"level":30,"time":1765643704877,"pid":6845,"hostname":"reuvens-MacBook-Pro.local","msg":"Shutting down..."}
{"level":30,"time":1765643704894,"pid":6845,"hostname":"reuvens-MacBook-Pro.local","msg":"[DB] Disconnected from MongoDB"}
{"level":30,"time":1765643707386,"pid":6931,"hostname":"reuvens-MacBook-Pro.local","msg":"[DB] Connected to MongoDB"}
{"level":30,"time":1765643707387,"pid":6931,"hostname":"reuvens-MacBook-Pro.local","msg":"Server running on port 3459 in production mode"}
{"level":30,"time":1765658044942,"pid":6931,"hostname":"reuvens-MacBook-Pro.local","msg":"Shutting down..."}
{"level":30,"time":1765658044951,"pid":6931,"hostname":"reuvens-MacBook-Pro.local","msg":"[DB] Disconnected from MongoDB"}
{"level":30,"time":1765658047397,"pid":11508,"hostname":"reuvens-MacBook-Pro.local","msg":"[DB] Connected to MongoDB"}
{"level":30,"time":1765658047399,"pid":11508,"hostname":"reuvens-MacBook-Pro.local","msg":"Server running on port 3459 in production mode"}
{"level":30,"time":1765658052078,"pid":11508,"hostname":"reuvens-MacBook-Pro.local","msg":"Google auth attempt"}
{"level":30,"time":1765658077697,"pid":11508,"hostname":"reuvens-MacBook-Pro.local","msg":"Shutting down..."}
{"level":30,"time":1765658077718,"pid":11508,"hostname":"reuvens-MacBook-Pro.local","msg":"[DB] Disconnected from MongoDB"}
{"level":30,"time":1765658079869,"pid":11532,"hostname":"reuvens-MacBook-Pro.local","msg":"[DB] Connected to MongoDB"}
{"level":30,"time":1765658079871,"pid":11532,"hostname":"reuvens-MacBook-Pro.local","msg":"Server running on port 3459 in production mode"}
{"level":30,"time":1765658081758,"pid":11532,"hostname":"reuvens-MacBook-Pro.local","msg":"Google auth attempt"}
{"level":30,"time":1765658115332,"pid":11532,"hostname":"reuvens-MacBook-Pro.local","msg":"Shutting down..."}
{"level":30,"time":1765658115348,"pid":11532,"hostname":"reuvens-MacBook-Pro.local","msg":"[DB] Disconnected from MongoDB"}
{"level":30,"time":1765658119974,"pid":11661,"hostname":"reuvens-MacBook-Pro.local","msg":"[DB] Connected to MongoDB"}
{"level":30,"time":1765658119976,"pid":11661,"hostname":"reuvens-MacBook-Pro.local","msg":"Server running on port 3459 in production mode"}
{"level":30,"time":1765658126802,"pid":11661,"hostname":"reuvens-MacBook-Pro.local","msg":"Google auth attempt"}
{"level":30,"time":1765658141374,"pid":11661,"hostname":"reuvens-MacBook-Pro.local","msg":"Shutting down..."}
{"level":30,"time":1765658141383,"pid":11661,"hostname":"reuvens-MacBook-Pro.local","msg":"[DB] Disconnected from MongoDB"}
{"level":30,"time":1765658143644,"pid":11740,"hostname":"reuvens-MacBook-Pro.local","msg":"[DB] Connected to MongoDB"}
{"level":30,"time":1765658143646,"pid":11740,"hostname":"reuvens-MacBook-Pro.local","msg":"Server running on port 3459 in production mode"}
{"level":30,"time":1765658145991,"pid":11740,"hostname":"reuvens-MacBook-Pro.local","msg":"Google auth attempt"}
{"level":30,"time":1765658172663,"pid":11740,"hostname":"reuvens-MacBook-Pro.local","msg":"Shutting down..."}
{"level":30,"time":1765658172682,"pid":11740,"hostname":"reuvens-MacBook-Pro.local","msg":"[DB] Disconnected from MongoDB"}
{"level":30,"time":1765658175373,"pid":11778,"hostname":"reuvens-MacBook-Pro.local","msg":"[DB] Connected to MongoDB"}
{"level":30,"time":1765658175376,"pid":11778,"hostname":"reuvens-MacBook-Pro.local","msg":"Server running on port 3459 in production mode"}
{"level":30,"time":1765658176112,"pid":11778,"hostname":"reuvens-MacBook-Pro.local","msg":"Google auth attempt"}
{"level":30,"time":1765658200281,"pid":11778,"hostname":"reuvens-MacBook-Pro.local","msg":"Shutting down..."}
{"level":30,"time":1765658200294,"pid":11778,"hostname":"reuvens-MacBook-Pro.local","msg":"[DB] Disconnected from MongoDB"}
{"level":30,"time":1765658203127,"pid":11820,"hostname":"reuvens-MacBook-Pro.local","msg":"[DB] Connected to MongoDB"}
{"level":30,"time":1765658203127,"pid":11820,"hostname":"reuvens-MacBook-Pro.local","msg":"Server running on port 3459 in production mode"}
{"level":30,"time":1765658226751,"pid":11820,"hostname":"reuvens-MacBook-Pro.local","msg":"Shutting down..."}
{"level":30,"time":1765658226761,"pid":11820,"hostname":"reuvens-MacBook-Pro.local","msg":"[DB] Disconnected from MongoDB"}
{"level":30,"time":1765658229542,"pid":11841,"hostname":"reuvens-MacBook-Pro.local","msg":"[DB] Connected to MongoDB"}
{"level":30,"time":1765658229543,"pid":11841,"hostname":"reuvens-MacBook-Pro.local","msg":"Server running on port 3459 in production mode"}
{"level":30,"time":1765658259286,"pid":11841,"hostname":"reuvens-MacBook-Pro.local","msg":"Shutting down..."}
{"level":30,"time":1765658259297,"pid":11841,"hostname":"reuvens-MacBook-Pro.local","msg":"[DB] Disconnected from MongoDB"}
{"level":30,"time":1765658262051,"pid":11862,"hostname":"reuvens-MacBook-Pro.local","msg":"[DB] Connected to MongoDB"}
{"level":30,"time":1765658262052,"pid":11862,"hostname":"reuvens-MacBook-Pro.local","msg":"Server running on port 3459 in production mode"}
{"level":30,"time":1765658304914,"pid":11862,"hostname":"reuvens-MacBook-Pro.local","msg":"Shutting down..."}
{"level":30,"time":1765658304935,"pid":11862,"hostname":"reuvens-MacBook-Pro.local","msg":"[DB] Disconnected from MongoDB"}
{"level":30,"time":1765658307822,"pid":11890,"hostname":"reuvens-MacBook-Pro.local","msg":"[DB] Connected to MongoDB"}
{"level":30,"time":1765658307824,"pid":11890,"hostname":"reuvens-MacBook-Pro.local","msg":"Server running on port 3459 in production mode"}
{"level":30,"time":1765658414679,"pid":11890,"hostname":"reuvens-MacBook-Pro.local","msg":"Google auth attempt"}
{"level":30,"time":1765697793598,"pid":23994,"hostname":"reuvens-MacBook-Pro.local","msg":"[DB] Connected to MongoDB"}
{"level":30,"time":1765697793599,"pid":23994,"hostname":"reuvens-MacBook-Pro.local","msg":"Server running on port 3459 in production mode"}
{"level":30,"time":1765697800309,"pid":23994,"hostname":"reuvens-MacBook-Pro.local","msg":"Shutting down..."}
{"level":30,"time":1765697800316,"pid":23994,"hostname":"reuvens-MacBook-Pro.local","msg":"[DB] Disconnected from MongoDB"}
{"level":30,"time":1765697803169,"pid":24067,"hostname":"reuvens-MacBook-Pro.local","msg":"[DB] Connected to MongoDB"}
{"level":30,"time":1765697803170,"pid":24067,"hostname":"reuvens-MacBook-Pro.local","msg":"Server running on port 3459 in production mode"}
{"level":30,"time":1765698696339,"pid":24067,"hostname":"reuvens-MacBook-Pro.local","msg":"Google auth attempt"}
{"level":30,"time":1765699136846,"pid":24067,"hostname":"reuvens-MacBook-Pro.local","msg":"Google auth attempt"}
{"level":30,"time":1765699137018,"pid":24067,"hostname":"reuvens-MacBook-Pro.local","msg":"Creating new user with email: {\n  username: 'not be milk',\n  email: 'notbemilk@gmail.com',\n  googleId: '117493418683903002133',\n  avatar: 'https://lh3.googleusercontent.com/a/ACg8ocK8jIlmWZG6kPWn_EVosvDOqZdYBIOpf67GNtpODGDSZjBQ8w=s96-c',\n  coins: 1000,\n  gems: 50,\n  gamesPlayed: 0,\n  gamesWon: 0,\n  totalDistance: 0,\n  totalCoinsCollected: 0,\n  highestArmy: 0,\n  bestScore: 0,\n  currentSkin: 'default',\n  ownedSkins: [ 'default' ],\n  friends: [],\n  _id: new ObjectId('693e6e41cb74199f17bcb29e'),\n  upgrades: {\n    capacity: 0,\n    addWarrior: 0,\n    warriorUpgrade: 0,\n    income: 0,\n    speed: 0,\n    jump: 0,\n    power: 0,\n    magnet: 0\n  },\n  dailyMissions: [],\n  weeklyMissions: [],\n  achievements: [],\n  activeBoosts: [],\n  settings: {\n    masterVolume: 0.7,\n    musicVolume: 0.5,\n    sfxVolume: 0.8,\n    graphicsQuality: 'medium',\n    showFPS: true,\n    controlSensitivity: 0.6\n  }\n}"}
{"level":30,"time":1765699137221,"pid":24067,"hostname":"reuvens-MacBook-Pro.local","msg":"New user registered: notbemilk@gmail.com"}
{"level":30,"time":1765726005811,"pid":2231,"hostname":"reuvens-MacBook-Pro.local","msg":"[DB] Connected to MongoDB"}
{"level":30,"time":1765726005812,"pid":2231,"hostname":"reuvens-MacBook-Pro.local","msg":"Server running on port 3459 in production mode"}
{"level":30,"time":1765750168010,"pid":2231,"hostname":"reuvens-MacBook-Pro.local","msg":"Google auth attempt"}
{"level":30,"time":1765786675662,"pid":2231,"hostname":"reuvens-MacBook-Pro.local","msg":"Shutting down..."}
{"level":30,"time":1765786677073,"pid":2231,"hostname":"reuvens-MacBook-Pro.local","msg":"[DB] Disconnected from MongoDB"}
{"level":30,"time":1765786680301,"pid":7236,"hostname":"reuvens-MacBook-Pro.local","msg":"[DB] Connected to MongoDB"}
{"level":30,"time":1765786680302,"pid":7236,"hostname":"reuvens-MacBook-Pro.local","msg":"Server running on port 3459 in production mode"}
{"level":30,"time":1765786773066,"pid":7236,"hostname":"reuvens-MacBook-Pro.local","msg":"Shutting down..."}
{"level":30,"time":1765786773076,"pid":7236,"hostname":"reuvens-MacBook-Pro.local","msg":"[DB] Disconnected from MongoDB"}
{"level":30,"time":1765786775884,"pid":7279,"hostname":"reuvens-MacBook-Pro.local","msg":"[DB] Connected to MongoDB"}
{"level":30,"time":1765786775886,"pid":7279,"hostname":"reuvens-MacBook-Pro.local","msg":"Server running on port 3459 in production mode"}
{"level":30,"time":1765786783424,"pid":7279,"hostname":"reuvens-MacBook-Pro.local","msg":"Shutting down..."}
{"level":30,"time":1765786783434,"pid":7279,"hostname":"reuvens-MacBook-Pro.local","msg":"[DB] Disconnected from MongoDB"}
{"level":30,"time":1765786786333,"pid":7296,"hostname":"reuvens-MacBook-Pro.local","msg":"[DB] Connected to MongoDB"}
{"level":30,"time":1765786786335,"pid":7296,"hostname":"reuvens-MacBook-Pro.local","msg":"Server running on port 3459 in production mode"}
{"level":30,"time":1765786997749,"pid":7296,"hostname":"reuvens-MacBook-Pro.local","msg":"Shutting down..."}
{"level":30,"time":1765786997761,"pid":7296,"hostname":"reuvens-MacBook-Pro.local","msg":"[DB] Disconnected from MongoDB"}
{"level":30,"time":1765787000229,"pid":7540,"hostname":"reuvens-MacBook-Pro.local","msg":"[DB] Connected to MongoDB"}
{"level":30,"time":1765787000230,"pid":7540,"hostname":"reuvens-MacBook-Pro.local","msg":"Server running on port 3459 in production mode"}
{"level":30,"time":1765787007056,"pid":7540,"hostname":"reuvens-MacBook-Pro.local","msg":"Shutting down..."}
{"level":30,"time":1765787007066,"pid":7540,"hostname":"reuvens-MacBook-Pro.local","msg":"[DB] Disconnected from MongoDB"}
{"level":30,"time":1765787009735,"pid":7572,"hostname":"reuvens-MacBook-Pro.local","msg":"[DB] Connected to MongoDB"}
{"level":30,"time":1765787009737,"pid":7572,"hostname":"reuvens-MacBook-Pro.local","msg":"Server running on port 3459 in production mode"}
{"level":30,"time":1765787026818,"pid":7572,"hostname":"reuvens-MacBook-Pro.local","msg":"Shutting down..."}
{"level":30,"time":1765787026825,"pid":7572,"hostname":"reuvens-MacBook-Pro.local","msg":"[DB] Disconnected from MongoDB"}
{"level":30,"time":1765787029171,"pid":7662,"hostname":"reuvens-MacBook-Pro.local","msg":"[DB] Connected to MongoDB"}
{"level":30,"time":1765787029172,"pid":7662,"hostname":"reuvens-MacBook-Pro.local","msg":"Server running on port 3459 in production mode"}
{"level":30,"time":1765787363299,"pid":7662,"hostname":"reuvens-MacBook-Pro.local","msg":"Shutting down..."}
{"level":30,"time":1765787363309,"pid":7662,"hostname":"reuvens-MacBook-Pro.local","msg":"[DB] Disconnected from MongoDB"}
{"level":30,"time":1765787366139,"pid":7824,"hostname":"reuvens-MacBook-Pro.local","msg":"[DB] Connected to MongoDB"}
{"level":30,"time":1765787366141,"pid":7824,"hostname":"reuvens-MacBook-Pro.local","msg":"Server running on port 3459 in production mode"}
{"level":30,"time":1765787397673,"pid":7824,"hostname":"reuvens-MacBook-Pro.local","msg":"Shutting down..."}
{"level":30,"time":1765787397687,"pid":7824,"hostname":"reuvens-MacBook-Pro.local","msg":"[DB] Disconnected from MongoDB"}
{"level":30,"time":1765787400407,"pid":7851,"hostname":"reuvens-MacBook-Pro.local","msg":"[DB] Connected to MongoDB"}
{"level":30,"time":1765787400408,"pid":7851,"hostname":"reuvens-MacBook-Pro.local","msg":"Server running on port 3459 in production mode"}
{"level":30,"time":1765787487988,"pid":7851,"hostname":"reuvens-MacBook-Pro.local","msg":"Shutting down..."}
{"level":30,"time":1765787488000,"pid":7851,"hostname":"reuvens-MacBook-Pro.local","msg":"[DB] Disconnected from MongoDB"}
{"level":30,"time":1765787491135,"pid":7877,"hostname":"reuvens-MacBook-Pro.local","msg":"[DB] Connected to MongoDB"}
{"level":30,"time":1765787491136,"pid":7877,"hostname":"reuvens-MacBook-Pro.local","msg":"Server running on port 3459 in production mode"}
{"level":30,"time":1765787542125,"pid":7877,"hostname":"reuvens-MacBook-Pro.local","msg":"Shutting down..."}
{"level":30,"time":1765787542137,"pid":7877,"hostname":"reuvens-MacBook-Pro.local","msg":"[DB] Disconnected from MongoDB"}
{"level":30,"time":1765787544540,"pid":7914,"hostname":"reuvens-MacBook-Pro.local","msg":"[DB] Connected to MongoDB"}
{"level":30,"time":1765787544542,"pid":7914,"hostname":"reuvens-MacBook-Pro.local","msg":"Server running on port 3459 in production mode"}
{"level":30,"time":1765787735414,"pid":7914,"hostname":"reuvens-MacBook-Pro.local","msg":"Shutting down..."}
{"level":30,"time":1765787735424,"pid":7914,"hostname":"reuvens-MacBook-Pro.local","msg":"[DB] Disconnected from MongoDB"}
{"level":30,"time":1765787741059,"pid":8013,"hostname":"reuvens-MacBook-Pro.local","msg":"[DB] Connected to MongoDB"}
{"level":30,"time":1765787741061,"pid":8013,"hostname":"reuvens-MacBook-Pro.local","msg":"Server running on port 3459 in production mode"}
{"level":30,"time":1765787962285,"pid":8013,"hostname":"reuvens-MacBook-Pro.local","msg":"Shutting down..."}
{"level":30,"time":1765787962293,"pid":8013,"hostname":"reuvens-MacBook-Pro.local","msg":"[DB] Disconnected from MongoDB"}
{"level":30,"time":1765787984334,"pid":8281,"hostname":"reuvens-MacBook-Pro.local","msg":"[DB] Connected to MongoDB"}
{"level":30,"time":1765787984335,"pid":8281,"hostname":"reuvens-MacBook-Pro.local","msg":"Server running on port 3459 in production mode"}
{"level":30,"time":1765788015347,"pid":8281,"hostname":"reuvens-MacBook-Pro.local","msg":"Shutting down..."}
{"level":30,"time":1765788015355,"pid":8281,"hostname":"reuvens-MacBook-Pro.local","msg":"[DB] Disconnected from MongoDB"}
{"level":30,"time":1765788022156,"pid":8346,"hostname":"reuvens-MacBook-Pro.local","msg":"[DB] Connected to MongoDB"}
{"level":30,"time":1765788022158,"pid":8346,"hostname":"reuvens-MacBook-Pro.local","msg":"Server running on port 3459 in production mode"}
{"level":30,"time":1765788029640,"pid":8346,"hostname":"reuvens-MacBook-Pro.local","msg":"Shutting down..."}
{"level":30,"time":1765788029656,"pid":8346,"hostname":"reuvens-MacBook-Pro.local","msg":"[DB] Disconnected from MongoDB"}
{"level":30,"time":1765788032890,"pid":8370,"hostname":"reuvens-MacBook-Pro.local","msg":"[DB] Connected to MongoDB"}
{"level":30,"time":1765788032891,"pid":8370,"hostname":"reuvens-MacBook-Pro.local","msg":"Server running on port 3459 in production mode"}
{"level":30,"time":1765788036318,"pid":8370,"hostname":"reuvens-MacBook-Pro.local","msg":"Shutting down..."}
{"level":30,"time":1765788036325,"pid":8370,"hostname":"reuvens-MacBook-Pro.local","msg":"[DB] Disconnected from MongoDB"}
{"level":30,"time":1765788044296,"pid":8386,"hostname":"reuvens-MacBook-Pro.local","msg":"[DB] Connected to MongoDB"}
{"level":30,"time":1765788044298,"pid":8386,"hostname":"reuvens-MacBook-Pro.local","msg":"Server running on port 3459 in production mode"}
{"level":30,"time":1765788049732,"pid":8386,"hostname":"reuvens-MacBook-Pro.local","msg":"Shutting down..."}
{"level":30,"time":1765788049745,"pid":8386,"hostname":"reuvens-MacBook-Pro.local","msg":"[DB] Disconnected from MongoDB"}
{"level":30,"time":1765788053564,"pid":8399,"hostname":"reuvens-MacBook-Pro.local","msg":"[DB] Connected to MongoDB"}
{"level":30,"time":1765788053566,"pid":8399,"hostname":"reuvens-MacBook-Pro.local","msg":"Server running on port 3459 in production mode"}
{"level":30,"time":1765788348012,"pid":8399,"hostname":"reuvens-MacBook-Pro.local","msg":"Shutting down..."}
{"level":30,"time":1765788348021,"pid":8399,"hostname":"reuvens-MacBook-Pro.local","msg":"[DB] Disconnected from MongoDB"}
{"level":30,"time":1765788419632,"pid":8635,"hostname":"reuvens-MacBook-Pro.local","msg":"[DB] Connected to MongoDB"}
{"level":30,"time":1765788419633,"pid":8635,"hostname":"reuvens-MacBook-Pro.local","msg":"Server running on port 3459 in production mode"}
{"level":30,"time":1765788433148,"pid":8635,"hostname":"reuvens-MacBook-Pro.local","msg":"Shutting down..."}
{"level":30,"time":1765788433158,"pid":8635,"hostname":"reuvens-MacBook-Pro.local","msg":"[DB] Disconnected from MongoDB"}
{"level":30,"time":1765788460784,"pid":8756,"hostname":"reuvens-MacBook-Pro.local","msg":"[DB] Connected to MongoDB"}
{"level":30,"time":1765788460786,"pid":8756,"hostname":"reuvens-MacBook-Pro.local","msg":"Server running on port 3459 in production mode"}
{"level":30,"time":1765788601061,"pid":8756,"hostname":"reuvens-MacBook-Pro.local","msg":"Shutting down..."}
{"level":30,"time":1765788601070,"pid":8756,"hostname":"reuvens-MacBook-Pro.local","msg":"[DB] Disconnected from MongoDB"}
{"level":30,"time":1765788604339,"pid":8799,"hostname":"reuvens-MacBook-Pro.local","msg":"[DB] Connected to MongoDB"}
{"level":30,"time":1765788604340,"pid":8799,"hostname":"reuvens-MacBook-Pro.local","msg":"Server running on port 3459 in production mode"}
{"level":30,"time":1765788639172,"pid":8799,"hostname":"reuvens-MacBook-Pro.local","msg":"Shutting down..."}
{"level":30,"time":1765788639183,"pid":8799,"hostname":"reuvens-MacBook-Pro.local","msg":"[DB] Disconnected from MongoDB"}
{"level":30,"time":1765788640190,"pid":8841,"hostname":"reuvens-MacBook-Pro.local","msg":"Shutting down..."}
{"level":30,"time":1765788642255,"pid":8855,"hostname":"reuvens-MacBook-Pro.local","msg":"Shutting down..."}
{"level":30,"time":1765788644293,"pid":8867,"hostname":"reuvens-MacBook-Pro.local","msg":"Shutting down..."}
{"level":30,"time":1765788646345,"pid":8881,"hostname":"reuvens-MacBook-Pro.local","msg":"Shutting down..."}
{"level":30,"time":1765788648425,"pid":8893,"hostname":"reuvens-MacBook-Pro.local","msg":"Shutting down..."}
{"level":30,"time":1765788649747,"pid":8893,"hostname":"reuvens-MacBook-Pro.local","msg":"[DB] Connected to MongoDB"}
{"level":30,"time":1765788649758,"pid":8893,"hostname":"reuvens-MacBook-Pro.local","msg":"Server running on port 3459 in production mode"}
{"level":30,"time":1765788649759,"pid":8893,"hostname":"reuvens-MacBook-Pro.local","msg":"[DB] Disconnected from MongoDB"}
{"level":30,"time":1765788652069,"pid":8902,"hostname":"reuvens-MacBook-Pro.local","msg":"[DB] Connected to MongoDB"}
{"level":30,"time":1765788652071,"pid":8902,"hostname":"reuvens-MacBook-Pro.local","msg":"Server running on port 3459 in production mode"}
{"level":30,"time":1765788665709,"pid":8902,"hostname":"reuvens-MacBook-Pro.local","msg":"Shutting down..."}
{"level":30,"time":1765788665730,"pid":8902,"hostname":"reuvens-MacBook-Pro.local","msg":"[DB] Disconnected from MongoDB"}
{"level":30,"time":1765788666655,"pid":8928,"hostname":"reuvens-MacBook-Pro.local","msg":"Shutting down..."}
{"level":30,"time":1765788668619,"pid":8940,"hostname":"reuvens-MacBook-Pro.local","msg":"Shutting down..."}
{"level":30,"time":1765788670623,"pid":8952,"hostname":"reuvens-MacBook-Pro.local","msg":"Shutting down..."}
{"level":30,"time":1765788672732,"pid":8967,"hostname":"reuvens-MacBook-Pro.local","msg":"Shutting down..."}
{"level":30,"time":1765788674780,"pid":8979,"hostname":"reuvens-MacBook-Pro.local","msg":"Shutting down..."}
{"level":30,"time":1765788675994,"pid":8979,"hostname":"reuvens-MacBook-Pro.local","msg":"[DB] Connected to MongoDB"}
{"level":30,"time":1765788676005,"pid":8979,"hostname":"reuvens-MacBook-Pro.local","msg":"Server running on port 3459 in production mode"}
{"level":30,"time":1765788676006,"pid":8979,"hostname":"reuvens-MacBook-Pro.local","msg":"[DB] Disconnected from MongoDB"}
{"level":30,"time":1765788678431,"pid":8989,"hostname":"reuvens-MacBook-Pro.local","msg":"[DB] Connected to MongoDB"}
{"level":30,"time":1765788678433,"pid":8989,"hostname":"reuvens-MacBook-Pro.local","msg":"Server running on port 3459 in production mode"}
{"level":30,"time":1765788688411,"pid":8989,"hostname":"reuvens-MacBook-Pro.local","msg":"Shutting down..."}
{"level":30,"time":1765788688424,"pid":8989,"hostname":"reuvens-MacBook-Pro.local","msg":"[DB] Disconnected from MongoDB"}
{"level":30,"time":1765788689432,"pid":9008,"hostname":"reuvens-MacBook-Pro.local","msg":"Shutting down..."}
{"level":30,"time":1765788691520,"pid":9022,"hostname":"reuvens-MacBook-Pro.local","msg":"Shutting down..."}
{"level":30,"time":1765788693553,"pid":9044,"hostname":"reuvens-MacBook-Pro.local","msg":"Shutting down..."}
{"level":30,"time":1765788695668,"pid":9058,"hostname":"reuvens-MacBook-Pro.local","msg":"Shutting down..."}
{"level":30,"time":1765788696786,"pid":9058,"hostname":"reuvens-MacBook-Pro.local","msg":"[DB] Connected to MongoDB"}
{"level":30,"time":1765788696796,"pid":9058,"hostname":"reuvens-MacBook-Pro.local","msg":"Server running on port 3459 in production mode"}
{"level":30,"time":1765788696798,"pid":9058,"hostname":"reuvens-MacBook-Pro.local","msg":"[DB] Disconnected from MongoDB"}
{"level":30,"time":1765788699149,"pid":9073,"hostname":"reuvens-MacBook-Pro.local","msg":"[DB] Connected to MongoDB"}
{"level":30,"time":1765788699151,"pid":9073,"hostname":"reuvens-MacBook-Pro.local","msg":"Server running on port 3459 in production mode"}
{"level":30,"time":1765788893618,"pid":9073,"hostname":"reuvens-MacBook-Pro.local","msg":"Shutting down..."}
{"level":30,"time":1765788893631,"pid":9073,"hostname":"reuvens-MacBook-Pro.local","msg":"[DB] Disconnected from MongoDB"}
{"level":30,"time":1765788896028,"pid":9236,"hostname":"reuvens-MacBook-Pro.local","msg":"[DB] Connected to MongoDB"}
{"level":30,"time":1765788896030,"pid":9236,"hostname":"reuvens-MacBook-Pro.local","msg":"Server running on port 3459 in production mode"}
{"level":30,"time":1765789991330,"pid":9236,"hostname":"reuvens-MacBook-Pro.local","msg":"Shutting down..."}
{"level":30,"time":1765789991349,"pid":9236,"hostname":"reuvens-MacBook-Pro.local","msg":"[DB] Disconnected from MongoDB"}
{"level":30,"time":1765789995232,"pid":9672,"hostname":"reuvens-MacBook-Pro.local","msg":"[DB] Connected to MongoDB"}
{"level":30,"time":1765789995233,"pid":9672,"hostname":"reuvens-MacBook-Pro.local","msg":"Server running on port 3459 in production mode"}
{"level":30,"time":1765790065718,"pid":9712,"hostname":"reuvens-MacBook-Pro.local","msg":"Shutting down..."}
{"level":30,"time":1765790069185,"pid":9727,"hostname":"reuvens-MacBook-Pro.local","msg":"[DB] Connected to MongoDB"}
{"level":30,"time":1765790069186,"pid":9727,"hostname":"reuvens-MacBook-Pro.local","msg":"Server running on port 3459 in production mode"}
{"level":30,"time":1765790129824,"pid":9727,"hostname":"reuvens-MacBook-Pro.local","msg":"Shutting down..."}
{"level":30,"time":1765790129840,"pid":9727,"hostname":"reuvens-MacBook-Pro.local","msg":"[DB] Disconnected from MongoDB"}
{"level":30,"time":1765790218502,"pid":9822,"hostname":"reuvens-MacBook-Pro.local","msg":"[DB] Connected to MongoDB"}
{"level":30,"time":1765790218503,"pid":9822,"hostname":"reuvens-MacBook-Pro.local","msg":"Server running on port 3459 in production mode"}
{"level":30,"time":1765790246250,"pid":9822,"hostname":"reuvens-MacBook-Pro.local","msg":"Shutting down..."}
{"level":30,"time":1765790246262,"pid":9822,"hostname":"reuvens-MacBook-Pro.local","msg":"[DB] Disconnected from MongoDB"}
{"level":30,"time":1765790249045,"pid":9844,"hostname":"reuvens-MacBook-Pro.local","msg":"[DB] Connected to MongoDB"}
{"level":30,"time":1765790249047,"pid":9844,"hostname":"reuvens-MacBook-Pro.local","msg":"Server running on port 3459 in production mode"}
{"level":30,"time":1765790271081,"pid":9844,"hostname":"reuvens-MacBook-Pro.local","msg":"Shutting down..."}
{"level":30,"time":1765790271097,"pid":9844,"hostname":"reuvens-MacBook-Pro.local","msg":"[DB] Disconnected from MongoDB"}
{"level":30,"time":1765790274138,"pid":9870,"hostname":"reuvens-MacBook-Pro.local","msg":"[DB] Connected to MongoDB"}
{"level":30,"time":1765790274140,"pid":9870,"hostname":"reuvens-MacBook-Pro.local","msg":"Server running on port 3459 in production mode"}
{"level":30,"time":1765790297817,"pid":9870,"hostname":"reuvens-MacBook-Pro.local","msg":"Shutting down..."}
{"level":30,"time":1765790297825,"pid":9870,"hostname":"reuvens-MacBook-Pro.local","msg":"[DB] Disconnected from MongoDB"}
{"level":30,"time":1765790300563,"pid":9896,"hostname":"reuvens-MacBook-Pro.local","msg":"[DB] Connected to MongoDB"}
{"level":30,"time":1765790300565,"pid":9896,"hostname":"reuvens-MacBook-Pro.local","msg":"Server running on port 3459 in production mode"}
{"level":30,"time":1765790326104,"pid":9896,"hostname":"reuvens-MacBook-Pro.local","msg":"Shutting down..."}
{"level":30,"time":1765790326120,"pid":9896,"hostname":"reuvens-MacBook-Pro.local","msg":"[DB] Disconnected from MongoDB"}
{"level":30,"time":1765790327115,"pid":9913,"hostname":"reuvens-MacBook-Pro.local","msg":"Shutting down..."}
{"level":30,"time":1765790329176,"pid":9929,"hostname":"reuvens-MacBook-Pro.local","msg":"Shutting down..."}
{"level":30,"time":1765790331218,"pid":9941,"hostname":"reuvens-MacBook-Pro.local","msg":"Shutting down..."}
{"level":30,"time":1765790334400,"pid":9955,"hostname":"reuvens-MacBook-Pro.local","msg":"[DB] Connected to MongoDB"}
{"level":30,"time":1765790334402,"pid":9955,"hostname":"reuvens-MacBook-Pro.local","msg":"Server running on port 3459 in production mode"}
{"level":30,"time":1765790369581,"pid":9955,"hostname":"reuvens-MacBook-Pro.local","msg":"Shutting down..."}
{"level":30,"time":1765790369589,"pid":9955,"hostname":"reuvens-MacBook-Pro.local","msg":"[DB] Disconnected from MongoDB"}
{"level":30,"time":1765790370599,"pid":10106,"hostname":"reuvens-MacBook-Pro.local","msg":"Shutting down..."}
{"level":30,"time":1765790373977,"pid":10120,"hostname":"reuvens-MacBook-Pro.local","msg":"[DB] Connected to MongoDB"}
{"level":30,"time":1765790373978,"pid":10120,"hostname":"reuvens-MacBook-Pro.local","msg":"Server running on port 3459 in production mode"}
{"level":30,"time":1765790399831,"pid":10120,"hostname":"reuvens-MacBook-Pro.local","msg":"Shutting down..."}
{"level":30,"time":1765790399843,"pid":10120,"hostname":"reuvens-MacBook-Pro.local","msg":"[DB] Disconnected from MongoDB"}
{"level":30,"time":1765790402915,"pid":10283,"hostname":"reuvens-MacBook-Pro.local","msg":"[DB] Connected to MongoDB"}
{"level":30,"time":1765790402920,"pid":10283,"hostname":"reuvens-MacBook-Pro.local","msg":"Server running on port 3459 in production mode"}
{"level":30,"time":1765790406455,"pid":10283,"hostname":"reuvens-MacBook-Pro.local","msg":"Shutting down..."}
{"level":30,"time":1765790406464,"pid":10283,"hostname":"reuvens-MacBook-Pro.local","msg":"[DB] Disconnected from MongoDB"}
{"level":30,"time":1765790409741,"pid":10312,"hostname":"reuvens-MacBook-Pro.local","msg":"[DB] Connected to MongoDB"}
{"level":30,"time":1765790409742,"pid":10312,"hostname":"reuvens-MacBook-Pro.local","msg":"Server running on port 3459 in production mode"}
{"level":30,"time":1765790675792,"pid":10312,"hostname":"reuvens-MacBook-Pro.local","msg":"User 693e6e41cb74199f17bcb29e updated profile"}
{"level":30,"time":1765791674615,"pid":10312,"hostname":"reuvens-MacBook-Pro.local","msg":"User 693e6e41cb74199f17bcb29e updated profile"}
{"level":30,"time":1765791676248,"pid":10312,"hostname":"reuvens-MacBook-Pro.local","msg":"User 693e6e41cb74199f17bcb29e updated profile"}
{"level":30,"time":1765791694180,"pid":10312,"hostname":"reuvens-MacBook-Pro.local","msg":"User 693e6e41cb74199f17bcb29e updated profile"}
{"level":30,"time":1765791695092,"pid":10312,"hostname":"reuvens-MacBook-Pro.local","msg":"User 693e6e41cb74199f17bcb29e updated profile"}
{"level":30,"time":1765791695282,"pid":10312,"hostname":"reuvens-MacBook-Pro.local","msg":"User 693e6e41cb74199f17bcb29e updated profile"}
{"level":30,"time":1765791695486,"pid":10312,"hostname":"reuvens-MacBook-Pro.local","msg":"User 693e6e41cb74199f17bcb29e updated profile"}
{"level":30,"time":1765791695662,"pid":10312,"hostname":"reuvens-MacBook-Pro.local","msg":"User 693e6e41cb74199f17bcb29e updated profile"}
{"level":30,"time":1765791696415,"pid":10312,"hostname":"reuvens-MacBook-Pro.local","msg":"User 693e6e41cb74199f17bcb29e updated profile"}
{"level":30,"time":1765791696524,"pid":10312,"hostname":"reuvens-MacBook-Pro.local","msg":"User 693e6e41cb74199f17bcb29e updated profile"}
{"level":30,"time":1765791696692,"pid":10312,"hostname":"reuvens-MacBook-Pro.local","msg":"User 693e6e41cb74199f17bcb29e updated profile"}
{"level":30,"time":1765791696920,"pid":10312,"hostname":"reuvens-MacBook-Pro.local","msg":"User 693e6e41cb74199f17bcb29e updated profile"}
{"level":30,"time":1765791697099,"pid":10312,"hostname":"reuvens-MacBook-Pro.local","msg":"User 693e6e41cb74199f17bcb29e updated profile"}
{"level":30,"time":1765791697101,"pid":10312,"hostname":"reuvens-MacBook-Pro.local","msg":"User 693e6e41cb74199f17bcb29e updated profile"}
{"level":30,"time":1765791697341,"pid":10312,"hostname":"reuvens-MacBook-Pro.local","msg":"User 693e6e41cb74199f17bcb29e updated profile"}
{"level":30,"time":1765791697649,"pid":10312,"hostname":"reuvens-MacBook-Pro.local","msg":"User 693e6e41cb74199f17bcb29e updated profile"}
{"level":30,"time":1765791697860,"pid":10312,"hostname":"reuvens-MacBook-Pro.local","msg":"User 693e6e41cb74199f17bcb29e updated profile"}
{"level":30,"time":1765791697932,"pid":10312,"hostname":"reuvens-MacBook-Pro.local","msg":"User 693e6e41cb74199f17bcb29e updated profile"}
{"level":30,"time":1765795205606,"pid":10312,"hostname":"reuvens-MacBook-Pro.local","msg":"User 693e6e41cb74199f17bcb29e updated profile"}
{"level":30,"time":1765795218524,"pid":10312,"hostname":"reuvens-MacBook-Pro.local","msg":"Google auth attempt"}
{"level":30,"time":1766084886991,"pid":44167,"hostname":"reuvens-MacBook-Pro.local","msg":"[DB] Connected to MongoDB"}
{"level":30,"time":1766084886992,"pid":44167,"hostname":"reuvens-MacBook-Pro.local","msg":"Server running on port 3459 in production mode"}
{"level":30,"time":1766084906290,"pid":44167,"hostname":"reuvens-MacBook-Pro.local","msg":"PvP socket connected: dMkncekMQ4kD8273AAAB, User: 693e6e41cb74199f17bcb29e"}
{"level":30,"time":1766084906296,"pid":44167,"hostname":"reuvens-MacBook-Pro.local","msg":"Player 693e6e41cb74199f17bcb29e ready in room c1bb8168-bed4-4d26-8277-8321d0f911b8"}
{"level":30,"time":1766084908551,"pid":44167,"hostname":"reuvens-MacBook-Pro.local","msg":"PvP socket connected: vXkGRdTkzoVAhLUeAAAD, User: 6944245ba2a627085bc7f8e5"}
{"level":30,"time":1766084908551,"pid":44167,"hostname":"reuvens-MacBook-Pro.local","msg":"Player 6944245ba2a627085bc7f8e5 ready in room c1bb8168-bed4-4d26-8277-8321d0f911b8"}
{"level":30,"time":1766084925387,"pid":44167,"hostname":"reuvens-MacBook-Pro.local","msg":"Player 693e6e41cb74199f17bcb29e died in room c1bb8168-bed4-4d26-8277-8321d0f911b8"}
{"level":30,"time":1766084938718,"pid":44167,"hostname":"reuvens-MacBook-Pro.local","msg":"Player 6944245ba2a627085bc7f8e5 died in room c1bb8168-bed4-4d26-8277-8321d0f911b8"}
{"level":30,"time":1766085984670,"pid":44167,"hostname":"reuvens-MacBook-Pro.local","msg":"PvP socket disconnected: vXkGRdTkzoVAhLUeAAAD"}
{"level":30,"time":1766085984799,"pid":44167,"hostname":"reuvens-MacBook-Pro.local","msg":"PvP socket disconnected: dMkncekMQ4kD8273AAAB"}
{"level":40,"time":1766085984819,"pid":44167,"hostname":"reuvens-MacBook-Pro.local","msg":"Cannot release hold: user 6944245ba2a627085bc7f8e5 has 0, releasing 1000"}
{"level":40,"time":1766085984939,"pid":44167,"hostname":"reuvens-MacBook-Pro.local","msg":"Cannot release hold: user 693e6e41cb74199f17bcb29e has 0, releasing 1000"}
{"level":30,"time":1766085984969,"pid":44167,"hostname":"reuvens-MacBook-Pro.local","msg":"Released hold for user 6944245ba2a627085bc7f8e5: 1000 coins"}
{"level":30,"time":1766085985049,"pid":44167,"hostname":"reuvens-MacBook-Pro.local","msg":"PvP socket connected: 3gvlwzBnX_mbUS2EAAAF, User: 6944245ba2a627085bc7f8e5"}
{"level":30,"time":1766085985079,"pid":44167,"hostname":"reuvens-MacBook-Pro.local","msg":"Released hold for user 693e6e41cb74199f17bcb29e: 1000 coins"}
{"level":30,"time":1766085991285,"pid":44167,"hostname":"reuvens-MacBook-Pro.local","msg":"PvP socket connected: pfxu0enHFRIU_W4BAAAH, User: 693e6e41cb74199f17bcb29e"}
{"level":30,"time":1766085991293,"pid":44167,"hostname":"reuvens-MacBook-Pro.local","msg":"Player 693e6e41cb74199f17bcb29e ready in room c1bb8168-bed4-4d26-8277-8321d0f911b8"}
{"level":30,"time":1766085994627,"pid":44167,"hostname":"reuvens-MacBook-Pro.local","msg":"PvP socket disconnected: 3gvlwzBnX_mbUS2EAAAF"}
{"level":40,"time":1766085994769,"pid":44167,"hostname":"reuvens-MacBook-Pro.local","msg":"Cannot release hold: user 6944245ba2a627085bc7f8e5 has 0, releasing 1000"}
{"level":30,"time":1766085994795,"pid":44167,"hostname":"reuvens-MacBook-Pro.local","msg":"PvP socket disconnected: pfxu0enHFRIU_W4BAAAH"}
{"level":30,"time":1766085994891,"pid":44167,"hostname":"reuvens-MacBook-Pro.local","msg":"PvP socket connected: PEyrj_94biAUYl1WAAAJ, User: 6944245ba2a627085bc7f8e5"}
{"level":30,"time":1766085994909,"pid":44167,"hostname":"reuvens-MacBook-Pro.local","msg":"Released hold for user 6944245ba2a627085bc7f8e5: 1000 coins"}
{"level":40,"time":1766085994948,"pid":44167,"hostname":"reuvens-MacBook-Pro.local","msg":"Cannot release hold: user 693e6e41cb74199f17bcb29e has 0, releasing 1000"}
{"level":30,"time":1766085995099,"pid":44167,"hostname":"reuvens-MacBook-Pro.local","msg":"Released hold for user 693e6e41cb74199f17bcb29e: 1000 coins"}
{"level":30,"time":1766085995632,"pid":44167,"hostname":"reuvens-MacBook-Pro.local","msg":"PvP socket disconnected: PEyrj_94biAUYl1WAAAJ"}
{"level":40,"time":1766085995777,"pid":44167,"hostname":"reuvens-MacBook-Pro.local","msg":"Cannot release hold: user 6944245ba2a627085bc7f8e5 has 0, releasing 1000"}
{"level":30,"time":1766085995901,"pid":44167,"hostname":"reuvens-MacBook-Pro.local","msg":"PvP socket connected: 3sP59lAmDsoOflkMAAAL, User: 6944245ba2a627085bc7f8e5"}
{"level":30,"time":1766085995926,"pid":44167,"hostname":"reuvens-MacBook-Pro.local","msg":"Released hold for user 6944245ba2a627085bc7f8e5: 1000 coins"}
{"level":30,"time":1766086001202,"pid":44167,"hostname":"reuvens-MacBook-Pro.local","msg":"PvP socket connected: Eev4vAGtyX92jv4cAAAN, User: 693e6e41cb74199f17bcb29e"}
{"level":30,"time":1766086001213,"pid":44167,"hostname":"reuvens-MacBook-Pro.local","msg":"Player 693e6e41cb74199f17bcb29e ready in room c1bb8168-bed4-4d26-8277-8321d0f911b8"}
{"level":30,"time":1766086026651,"pid":44167,"hostname":"reuvens-MacBook-Pro.local","msg":"Player 693e6e41cb74199f17bcb29e ready in room c1bb8168-bed4-4d26-8277-8321d0f911b8"}
{"level":30,"time":1766086112633,"pid":44167,"hostname":"reuvens-MacBook-Pro.local","msg":"PvP socket disconnected: 3sP59lAmDsoOflkMAAAL"}
{"level":40,"time":1766086112779,"pid":44167,"hostname":"reuvens-MacBook-Pro.local","msg":"Cannot release hold: user 6944245ba2a627085bc7f8e5 has 0, releasing 1000"}
{"level":30,"time":1766086112798,"pid":44167,"hostname":"reuvens-MacBook-Pro.local","msg":"PvP socket disconnected: Eev4vAGtyX92jv4cAAAN"}
{"level":30,"time":1766086112915,"pid":44167,"hostname":"reuvens-MacBook-Pro.local","msg":"PvP socket connected: dmrDq5eRqcasNsW2AAAP, User: 6944245ba2a627085bc7f8e5"}
{"level":30,"time":1766086112923,"pid":44167,"hostname":"reuvens-MacBook-Pro.local","msg":"Released hold for user 6944245ba2a627085bc7f8e5: 1000 coins"}
{"level":40,"time":1766086112953,"pid":44167,"hostname":"reuvens-MacBook-Pro.local","msg":"Cannot release hold: user 693e6e41cb74199f17bcb29e has 0, releasing 1000"}
{"level":30,"time":1766086113109,"pid":44167,"hostname":"reuvens-MacBook-Pro.local","msg":"Released hold for user 693e6e41cb74199f17bcb29e: 1000 coins"}
{"level":30,"time":1766086119321,"pid":44167,"hostname":"reuvens-MacBook-Pro.local","msg":"PvP socket connected: gZ575oF704Cg76hZAAAR, User: 693e6e41cb74199f17bcb29e"}
{"level":30,"time":1766086119325,"pid":44167,"hostname":"reuvens-MacBook-Pro.local","msg":"Player 693e6e41cb74199f17bcb29e ready in room c1bb8168-bed4-4d26-8277-8321d0f911b8"}
{"level":30,"time":1766086231629,"pid":44167,"hostname":"reuvens-MacBook-Pro.local","msg":"PvP socket disconnected: dmrDq5eRqcasNsW2AAAP"}
{"level":40,"time":1766086231784,"pid":44167,"hostname":"reuvens-MacBook-Pro.local","msg":"Cannot release hold: user 6944245ba2a627085bc7f8e5 has 0, releasing 1000"}
{"level":30,"time":1766086231796,"pid":44167,"hostname":"reuvens-MacBook-Pro.local","msg":"PvP socket disconnected: gZ575oF704Cg76hZAAAR"}
{"level":30,"time":1766086231912,"pid":44167,"hostname":"reuvens-MacBook-Pro.local","msg":"PvP socket connected: beemoRUBTBlipZxNAAAT, User: 6944245ba2a627085bc7f8e5"}
{"level":40,"time":1766086231936,"pid":44167,"hostname":"reuvens-MacBook-Pro.local","msg":"Cannot release hold: user 693e6e41cb74199f17bcb29e has 0, releasing 1000"}
{"level":30,"time":1766086231937,"pid":44167,"hostname":"reuvens-MacBook-Pro.local","msg":"Released hold for user 6944245ba2a627085bc7f8e5: 1000 coins"}
{"level":30,"time":1766086232076,"pid":44167,"hostname":"reuvens-MacBook-Pro.local","msg":"Released hold for user 693e6e41cb74199f17bcb29e: 1000 coins"}
{"level":30,"time":1766086232646,"pid":44167,"hostname":"reuvens-MacBook-Pro.local","msg":"PvP socket disconnected: beemoRUBTBlipZxNAAAT"}
{"level":40,"time":1766086232784,"pid":44167,"hostname":"reuvens-MacBook-Pro.local","msg":"Cannot release hold: user 6944245ba2a627085bc7f8e5 has 0, releasing 1000"}
{"level":30,"time":1766086232913,"pid":44167,"hostname":"reuvens-MacBook-Pro.local","msg":"PvP socket connected: -eTvNDBDDZl7Rax9AAAV, User: 6944245ba2a627085bc7f8e5"}
{"level":30,"time":1766086232922,"pid":44167,"hostname":"reuvens-MacBook-Pro.local","msg":"Released hold for user 6944245ba2a627085bc7f8e5: 1000 coins"}
{"level":30,"time":1766086239391,"pid":44167,"hostname":"reuvens-MacBook-Pro.local","msg":"PvP socket connected: LeqbmdDSUJJ9_pDpAAAX, User: 693e6e41cb74199f17bcb29e"}
{"level":30,"time":1766086239402,"pid":44167,"hostname":"reuvens-MacBook-Pro.local","msg":"Player 693e6e41cb74199f17bcb29e ready in room c1bb8168-bed4-4d26-8277-8321d0f911b8"}
{"level":30,"time":1766086268636,"pid":44167,"hostname":"reuvens-MacBook-Pro.local","msg":"PvP socket disconnected: -eTvNDBDDZl7Rax9AAAV"}
{"level":40,"time":1766086268776,"pid":44167,"hostname":"reuvens-MacBook-Pro.local","msg":"Cannot release hold: user 6944245ba2a627085bc7f8e5 has 0, releasing 1000"}
{"level":30,"time":1766086268816,"pid":44167,"hostname":"reuvens-MacBook-Pro.local","msg":"PvP socket disconnected: LeqbmdDSUJJ9_pDpAAAX"}
{"level":30,"time":1766086268914,"pid":44167,"hostname":"reuvens-MacBook-Pro.local","msg":"Released hold for user 6944245ba2a627085bc7f8e5: 1000 coins"}
{"level":30,"time":1766086268928,"pid":44167,"hostname":"reuvens-MacBook-Pro.local","msg":"PvP socket connected: CQ12CMmy1-BZ8sCrAAAZ, User: 6944245ba2a627085bc7f8e5"}
{"level":40,"time":1766086268962,"pid":44167,"hostname":"reuvens-MacBook-Pro.local","msg":"Cannot release hold: user 693e6e41cb74199f17bcb29e has 0, releasing 1000"}
{"level":30,"time":1766086269108,"pid":44167,"hostname":"reuvens-MacBook-Pro.local","msg":"Released hold for user 693e6e41cb74199f17bcb29e: 1000 coins"}
{"level":30,"time":1766086269628,"pid":44167,"hostname":"reuvens-MacBook-Pro.local","msg":"PvP socket disconnected: CQ12CMmy1-BZ8sCrAAAZ"}
{"level":40,"time":1766086269773,"pid":44167,"hostname":"reuvens-MacBook-Pro.local","msg":"Cannot release hold: user 6944245ba2a627085bc7f8e5 has 0, releasing 1000"}
{"level":30,"time":1766086269909,"pid":44167,"hostname":"reuvens-MacBook-Pro.local","msg":"PvP socket connected: DWvQe1fz7g8XrKR_AAAb, User: 6944245ba2a627085bc7f8e5"}
{"level":30,"time":1766086269918,"pid":44167,"hostname":"reuvens-MacBook-Pro.local","msg":"Released hold for user 6944245ba2a627085bc7f8e5: 1000 coins"}
{"level":30,"time":1766086270626,"pid":44167,"hostname":"reuvens-MacBook-Pro.local","msg":"PvP socket disconnected: DWvQe1fz7g8XrKR_AAAb"}
{"level":40,"time":1766086270772,"pid":44167,"hostname":"reuvens-MacBook-Pro.local","msg":"Cannot release hold: user 6944245ba2a627085bc7f8e5 has 0, releasing 1000"}
{"level":30,"time":1766086270892,"pid":44167,"hostname":"reuvens-MacBook-Pro.local","msg":"PvP socket connected: NtAQS2RdNblblYZ-AAAd, User: 6944245ba2a627085bc7f8e5"}
{"level":30,"time":1766086270928,"pid":44167,"hostname":"reuvens-MacBook-Pro.local","msg":"Released hold for user 6944245ba2a627085bc7f8e5: 1000 coins"}
{"level":30,"time":1766086277239,"pid":44167,"hostname":"reuvens-MacBook-Pro.local","msg":"PvP socket connected: 3tLm-YYyjl4WbE_5AAAf, User: 693e6e41cb74199f17bcb29e"}
{"level":30,"time":1766086277247,"pid":44167,"hostname":"reuvens-MacBook-Pro.local","msg":"Player 693e6e41cb74199f17bcb29e ready in room c1bb8168-bed4-4d26-8277-8321d0f911b8"}
{"level":30,"time":1766086399244,"pid":44167,"hostname":"reuvens-MacBook-Pro.local","msg":"User 693e6e41cb74199f17bcb29e updated profile"}
{"level":30,"time":1766086400450,"pid":44167,"hostname":"reuvens-MacBook-Pro.local","msg":"User 693e6e41cb74199f17bcb29e updated profile"}
{"level":30,"time":1766086401476,"pid":44167,"hostname":"reuvens-MacBook-Pro.local","msg":"User 693e6e41cb74199f17bcb29e updated profile"}
{"level":30,"time":1766086402668,"pid":44167,"hostname":"reuvens-MacBook-Pro.local","msg":"User 693e6e41cb74199f17bcb29e updated profile"}
{"level":30,"time":1766086403618,"pid":44167,"hostname":"reuvens-MacBook-Pro.local","msg":"User 693e6e41cb74199f17bcb29e updated profile"}
{"level":30,"time":1766086404768,"pid":44167,"hostname":"reuvens-MacBook-Pro.local","msg":"User 693e6e41cb74199f17bcb29e updated profile"}
{"level":30,"time":1766086405945,"pid":44167,"hostname":"reuvens-MacBook-Pro.local","msg":"User 693e6e41cb74199f17bcb29e updated profile"}
{"level":30,"time":1766086407978,"pid":44167,"hostname":"reuvens-MacBook-Pro.local","msg":"User 693e6e41cb74199f17bcb29e updated profile"}
{"level":30,"time":1766086509063,"pid":44167,"hostname":"reuvens-MacBook-Pro.local","msg":"PvP socket disconnected: 3tLm-YYyjl4WbE_5AAAf"}
{"level":40,"time":1766086509215,"pid":44167,"hostname":"reuvens-MacBook-Pro.local","msg":"Cannot release hold: user 693e6e41cb74199f17bcb29e has 0, releasing 1000"}
{"level":30,"time":1766086509362,"pid":44167,"hostname":"reuvens-MacBook-Pro.local","msg":"Released hold for user 693e6e41cb74199f17bcb29e: 1000 coins"}
{"level":30,"time":1766087432226,"pid":44167,"hostname":"reuvens-MacBook-Pro.local","msg":"Shutting down..."}
{"level":30,"time":1766087439521,"pid":46329,"hostname":"reuvens-MacBook-Pro.local","msg":"[DB] Connected to MongoDB"}
{"level":30,"time":1766087439523,"pid":46329,"hostname":"reuvens-MacBook-Pro.local","msg":"Server running on port 3459 in production mode"}
{"level":30,"time":1766087440196,"pid":46329,"hostname":"reuvens-MacBook-Pro.local","msg":"PvP socket connected: Z8jFvS3oo5JM2PAlAAAB, User: 6944245ba2a627085bc7f8e5"}
{"level":30,"time":1766087798715,"pid":46329,"hostname":"reuvens-MacBook-Pro.local","msg":"Shutting down..."}
{"level":30,"time":1766092835955,"pid":47364,"hostname":"reuvens-MacBook-Pro.local","msg":"[DB] Connected to MongoDB"}
{"level":30,"time":1766092835955,"pid":47364,"hostname":"reuvens-MacBook-Pro.local","msg":"Server running on port 3459 in production mode"}
{"level":30,"time":1766092841676,"pid":47364,"hostname":"reuvens-MacBook-Pro.local","msg":"Shutting down..."}
{"level":30,"time":1766092841692,"pid":47364,"hostname":"reuvens-MacBook-Pro.local","msg":"[DB] Disconnected from MongoDB"}
{"level":30,"time":1766093309378,"pid":47499,"hostname":"reuvens-MacBook-Pro.local","msg":"[DB] Connected to MongoDB"}
{"level":30,"time":1766093309380,"pid":47499,"hostname":"reuvens-MacBook-Pro.local","msg":"Server running on port 3459 in production mode"}
{"level":30,"time":1766093314859,"pid":47499,"hostname":"reuvens-MacBook-Pro.local","msg":"Shutting down..."}
{"level":30,"time":1766093314876,"pid":47499,"hostname":"reuvens-MacBook-Pro.local","msg":"[DB] Disconnected from MongoDB"}
{"level":30,"time":1766093524698,"pid":47742,"hostname":"reuvens-MacBook-Pro.local","msg":"[DB] Connected to MongoDB"}
{"level":30,"time":1766093524700,"pid":47742,"hostname":"reuvens-MacBook-Pro.local","msg":"Server running on port 3459 in production mode"}
{"level":30,"time":1766093537265,"pid":47742,"hostname":"reuvens-MacBook-Pro.local","msg":"Google auth attempt"}
{"level":30,"time":1766093580566,"pid":47742,"hostname":"reuvens-MacBook-Pro.local","msg":"User 693c0eea4b6bdabbf4d60727 updated profile"}
{"level":30,"time":1766093622321,"pid":47742,"hostname":"reuvens-MacBook-Pro.local","msg":"User 693c0eea4b6bdabbf4d60727 updated profile"}
{"level":30,"time":1766093622655,"pid":47742,"hostname":"reuvens-MacBook-Pro.local","msg":"User 693c0eea4b6bdabbf4d60727 updated profile"}
{"level":30,"time":1766093735857,"pid":47742,"hostname":"reuvens-MacBook-Pro.local","msg":"PvP socket connected: LkpzdvUPK-cRpXLIAAAB, User: 6944245ba2a627085bc7f8e5"}
{"level":30,"time":1766094024730,"pid":47742,"hostname":"reuvens-MacBook-Pro.local","msg":"User 693c0eea4b6bdabbf4d60727 updated profile"}
{"level":30,"time":1766094025071,"pid":47742,"hostname":"reuvens-MacBook-Pro.local","msg":"User 693c0eea4b6bdabbf4d60727 updated profile"}
{"level":30,"time":1766094063670,"pid":47742,"hostname":"reuvens-MacBook-Pro.local","msg":"User 693c0eea4b6bdabbf4d60727 updated profile"}
{"level":30,"time":1766094064011,"pid":47742,"hostname":"reuvens-MacBook-Pro.local","msg":"User 693c0eea4b6bdabbf4d60727 updated profile"}
{"level":30,"time":1766094107733,"pid":47742,"hostname":"reuvens-MacBook-Pro.local","msg":"User 693c0eea4b6bdabbf4d60727 updated profile"}
{"level":30,"time":1766094142062,"pid":47742,"hostname":"reuvens-MacBook-Pro.local","msg":"User 693c0eea4b6bdabbf4d60727 updated profile"}
{"level":30,"time":1766094360764,"pid":47742,"hostname":"reuvens-MacBook-Pro.local","msg":"PvP socket disconnected: LkpzdvUPK-cRpXLIAAAB"}
{"level":40,"time":1766094360920,"pid":47742,"hostname":"reuvens-MacBook-Pro.local","msg":"Cannot release hold: user 6944245ba2a627085bc7f8e5 has 0, releasing 1000"}
{"level":30,"time":1766094361080,"pid":47742,"hostname":"reuvens-MacBook-Pro.local","msg":"PvP socket connected: UO1HIDvrtZbSyth0AAAD, User: 6944245ba2a627085bc7f8e5"}
{"level":30,"time":1766094361084,"pid":47742,"hostname":"reuvens-MacBook-Pro.local","msg":"Released hold for user 6944245ba2a627085bc7f8e5: 1000 coins"}
{"level":30,"time":1766102195314,"pid":49223,"hostname":"reuvens-MacBook-Pro.local","msg":"[DB] Connected to MongoDB"}
{"level":30,"time":1766102195316,"pid":49223,"hostname":"reuvens-MacBook-Pro.local","msg":"Server running on port 3459 in production mode"}
{"level":30,"time":1766102475496,"pid":47742,"hostname":"reuvens-MacBook-Pro.local","msg":"User 693c0eea4b6bdabbf4d60727 updated profile"}
{"level":30,"time":1766102510823,"pid":47742,"hostname":"reuvens-MacBook-Pro.local","msg":"User 693c0eea4b6bdabbf4d60727 updated profile"}
{"level":30,"time":1766102547816,"pid":47742,"hostname":"reuvens-MacBook-Pro.local","msg":"User 693c0eea4b6bdabbf4d60727 updated profile"}
{"level":30,"time":1766102548159,"pid":47742,"hostname":"reuvens-MacBook-Pro.local","msg":"User 693c0eea4b6bdabbf4d60727 updated profile"}
{"level":30,"time":1766102574645,"pid":47742,"hostname":"reuvens-MacBook-Pro.local","msg":"User 693c0eea4b6bdabbf4d60727 updated profile"}
{"level":30,"time":1766102588397,"pid":47742,"hostname":"reuvens-MacBook-Pro.local","msg":"User 693c0eea4b6bdabbf4d60727 updated profile"}
{"level":30,"time":1766108148470,"pid":47742,"hostname":"reuvens-MacBook-Pro.local","msg":"PvP socket disconnected: UO1HIDvrtZbSyth0AAAD"}
{"level":40,"time":1766108148635,"pid":47742,"hostname":"reuvens-MacBook-Pro.local","msg":"Cannot release hold: user 6944245ba2a627085bc7f8e5 has 0, releasing 1000"}
{"level":30,"time":1766108148796,"pid":47742,"hostname":"reuvens-MacBook-Pro.local","msg":"Released hold for user 6944245ba2a627085bc7f8e5: 1000 coins"}
{"level":30,"time":1766108149276,"pid":47742,"hostname":"reuvens-MacBook-Pro.local","msg":"PvP socket connected: 8v2cht8b8BI3PHjnAAAF, User: 6944245ba2a627085bc7f8e5"}
{"level":30,"time":1766135390826,"pid":47742,"hostname":"reuvens-MacBook-Pro.local","msg":"PvP socket disconnected: 8v2cht8b8BI3PHjnAAAF"}
{"level":40,"time":1766135392093,"pid":47742,"hostname":"reuvens-MacBook-Pro.local","msg":"Cannot release hold: user 6944245ba2a627085bc7f8e5 has 0, releasing 1000"}
{"level":30,"time":1766135392214,"pid":47742,"hostname":"reuvens-MacBook-Pro.local","msg":"PvP socket connected: H7Uw4MAkepl6r4L2AAAH, User: 6944245ba2a627085bc7f8e5"}
{"level":30,"time":1766135392246,"pid":47742,"hostname":"reuvens-MacBook-Pro.local","msg":"Released hold for user 6944245ba2a627085bc7f8e5: 1000 coins"}
{"level":30,"time":1766135403780,"pid":47742,"hostname":"reuvens-MacBook-Pro.local","msg":"PvP socket disconnected: H7Uw4MAkepl6r4L2AAAH"}
{"level":40,"time":1766135403946,"pid":47742,"hostname":"reuvens-MacBook-Pro.local","msg":"Cannot release hold: user 6944245ba2a627085bc7f8e5 has 0, releasing 1000"}
{"level":30,"time":1766135404106,"pid":47742,"hostname":"reuvens-MacBook-Pro.local","msg":"Released hold for user 6944245ba2a627085bc7f8e5: 1000 coins"}
{"level":30,"time":1766135404153,"pid":47742,"hostname":"reuvens-MacBook-Pro.local","msg":"PvP socket connected: Pae42lNMsFY8b1BfAAAJ, User: 6944245ba2a627085bc7f8e5"}
{"level":30,"time":1766136448855,"pid":47742,"hostname":"reuvens-MacBook-Pro.local","msg":"PvP socket disconnected: Pae42lNMsFY8b1BfAAAJ"}
{"level":40,"time":1766136449018,"pid":47742,"hostname":"reuvens-MacBook-Pro.local","msg":"Cannot release hold: user 6944245ba2a627085bc7f8e5 has 0, releasing 1000"}
{"level":30,"time":1766136449183,"pid":47742,"hostname":"reuvens-MacBook-Pro.local","msg":"Released hold for user 6944245ba2a627085bc7f8e5: 1000 coins"}
{"level":30,"time":1766136449203,"pid":47742,"hostname":"reuvens-MacBook-Pro.local","msg":"PvP socket connected: GF7rW1upsNZRCw5aAAAL, User: 6944245ba2a627085bc7f8e5"}
{"level":30,"time":1766136520286,"pid":47742,"hostname":"reuvens-MacBook-Pro.local","msg":"PvP socket disconnected: GF7rW1upsNZRCw5aAAAL"}
{"level":40,"time":1766136520476,"pid":47742,"hostname":"reuvens-MacBook-Pro.local","msg":"Cannot release hold: user 6944245ba2a627085bc7f8e5 has 0, releasing 1000"}
{"level":30,"time":1766136520656,"pid":47742,"hostname":"reuvens-MacBook-Pro.local","msg":"PvP socket connected: fEOeWslJC7IFrp84AAAN, User: 6944245ba2a627085bc7f8e5"}
{"level":30,"time":1766136520696,"pid":47742,"hostname":"reuvens-MacBook-Pro.local","msg":"Released hold for user 6944245ba2a627085bc7f8e5: 1000 coins"}
{"level":30,"time":1766143623617,"pid":47742,"hostname":"reuvens-MacBook-Pro.local","msg":"PvP socket disconnected: fEOeWslJC7IFrp84AAAN"}
{"level":40,"time":1766143625341,"pid":47742,"hostname":"reuvens-MacBook-Pro.local","msg":"Cannot release hold: user 6944245ba2a627085bc7f8e5 has 0, releasing 1000"}
{"level":30,"time":1766143625510,"pid":47742,"hostname":"reuvens-MacBook-Pro.local","msg":"Released hold for user 6944245ba2a627085bc7f8e5: 1000 coins"}
{"level":30,"time":1766143625517,"pid":47742,"hostname":"reuvens-MacBook-Pro.local","msg":"PvP socket connected: _v6_xXRqnnLUthegAAAP, User: 6944245ba2a627085bc7f8e5"}
{"level":30,"time":1766150833805,"pid":47742,"hostname":"reuvens-MacBook-Pro.local","msg":"PvP socket disconnected: _v6_xXRqnnLUthegAAAP"}
{"level":40,"time":1766150835087,"pid":47742,"hostname":"reuvens-MacBook-Pro.local","msg":"Cannot release hold: user 6944245ba2a627085bc7f8e5 has 0, releasing 1000"}
{"level":30,"time":1766150835235,"pid":47742,"hostname":"reuvens-MacBook-Pro.local","msg":"Released hold for user 6944245ba2a627085bc7f8e5: 1000 coins"}
{"level":30,"time":1766150835448,"pid":47742,"hostname":"reuvens-MacBook-Pro.local","msg":"PvP socket connected: Os80M8Z9595-67IIAAAR, User: 6944245ba2a627085bc7f8e5"}
{"level":30,"time":1766153044185,"pid":47742,"hostname":"reuvens-MacBook-Pro.local","msg":"PvP socket disconnected: Os80M8Z9595-67IIAAAR"}
{"level":40,"time":1766153045443,"pid":47742,"hostname":"reuvens-MacBook-Pro.local","msg":"Cannot release hold: user 6944245ba2a627085bc7f8e5 has 0, releasing 1000"}
{"level":30,"time":1766153045585,"pid":47742,"hostname":"reuvens-MacBook-Pro.local","msg":"Released hold for user 6944245ba2a627085bc7f8e5: 1000 coins"}
{"level":30,"time":1766153046075,"pid":47742,"hostname":"reuvens-MacBook-Pro.local","msg":"PvP socket connected: GpbwXKJrAnr2tm4SAAAT, User: 6944245ba2a627085bc7f8e5"}
{"level":30,"time":1766200312982,"pid":47742,"hostname":"reuvens-MacBook-Pro.local","msg":"PvP socket disconnected: GpbwXKJrAnr2tm4SAAAT"}
{"level":30,"time":1766200315865,"pid":47742,"hostname":"reuvens-MacBook-Pro.local","msg":"PvP socket connected: 8-DHyL00jPlrl92PAAAV, User: 6944245ba2a627085bc7f8e5"}
{"level":40,"time":1766200315983,"pid":47742,"hostname":"reuvens-MacBook-Pro.local","msg":"Cannot release hold: user 6944245ba2a627085bc7f8e5 has 0, releasing 1000"}
{"level":30,"time":1766200316170,"pid":47742,"hostname":"reuvens-MacBook-Pro.local","msg":"Released hold for user 6944245ba2a627085bc7f8e5: 1000 coins"}
{"level":30,"time":1766246123365,"pid":47742,"hostname":"reuvens-MacBook-Pro.local","msg":"PvP socket disconnected: 8-DHyL00jPlrl92PAAAV"}
{"level":40,"time":1766246124702,"pid":47742,"hostname":"reuvens-MacBook-Pro.local","msg":"Cannot release hold: user 6944245ba2a627085bc7f8e5 has 0, releasing 1000"}
{"level":30,"time":1766246124847,"pid":47742,"hostname":"reuvens-MacBook-Pro.local","msg":"Released hold for user 6944245ba2a627085bc7f8e5: 1000 coins"}
{"level":30,"time":1766262893287,"pid":47742,"hostname":"reuvens-MacBook-Pro.local","msg":"User 693c0eea4b6bdabbf4d60727 updated profile"}
{"level":30,"time":1766262895321,"pid":47742,"hostname":"reuvens-MacBook-Pro.local","msg":"User 693c0eea4b6bdabbf4d60727 updated profile"}
{"level":30,"time":1766262897665,"pid":47742,"hostname":"reuvens-MacBook-Pro.local","msg":"User 693c0eea4b6bdabbf4d60727 updated profile"}
{"level":30,"time":1766262898664,"pid":47742,"hostname":"reuvens-MacBook-Pro.local","msg":"User 693c0eea4b6bdabbf4d60727 updated profile"}
{"level":30,"time":1766263553356,"pid":47742,"hostname":"reuvens-MacBook-Pro.local","msg":"User 693c0eea4b6bdabbf4d60727 updated profile"}
{"level":30,"time":1766263554963,"pid":47742,"hostname":"reuvens-MacBook-Pro.local","msg":"User 693c0eea4b6bdabbf4d60727 updated profile"}
{"level":30,"time":1766313237801,"pid":47742,"hostname":"reuvens-MacBook-Pro.local","msg":"Shutting down..."}
{"level":30,"time":1766313239295,"pid":47742,"hostname":"reuvens-MacBook-Pro.local","msg":"[DB] Disconnected from MongoDB"}
{"level":30,"time":1766313242074,"pid":68111,"hostname":"reuvens-MacBook-Pro.local","msg":"[DB] Connected to MongoDB"}
{"level":30,"time":1766313242075,"pid":68111,"hostname":"reuvens-MacBook-Pro.local","msg":"Server running on port 3459 in production mode"}
{"level":30,"time":1766313266910,"pid":68111,"hostname":"reuvens-MacBook-Pro.local","msg":"Shutting down..."}
{"level":30,"time":1766313266920,"pid":68111,"hostname":"reuvens-MacBook-Pro.local","msg":"[DB] Disconnected from MongoDB"}
{"level":30,"time":1766313270645,"pid":68120,"hostname":"reuvens-MacBook-Pro.local","msg":"[DB] Connected to MongoDB"}
{"level":30,"time":1766313270647,"pid":68120,"hostname":"reuvens-MacBook-Pro.local","msg":"Server running on port 3459 in production mode"}
{"level":30,"time":1766313276997,"pid":68120,"hostname":"reuvens-MacBook-Pro.local","msg":"Shutting down..."}
{"level":30,"time":1766313277011,"pid":68120,"hostname":"reuvens-MacBook-Pro.local","msg":"[DB] Disconnected from MongoDB"}
{"level":30,"time":1766313279465,"pid":68134,"hostname":"reuvens-MacBook-Pro.local","msg":"[DB] Connected to MongoDB"}
{"level":30,"time":1766313279466,"pid":68134,"hostname":"reuvens-MacBook-Pro.local","msg":"Server running on port 3459 in production mode"}
{"level":30,"time":1766313308499,"pid":68134,"hostname":"reuvens-MacBook-Pro.local","msg":"Shutting down..."}
{"level":30,"time":1766313308513,"pid":68134,"hostname":"reuvens-MacBook-Pro.local","msg":"[DB] Disconnected from MongoDB"}
{"level":30,"time":1766313311085,"pid":68167,"hostname":"reuvens-MacBook-Pro.local","msg":"[DB] Connected to MongoDB"}
{"level":30,"time":1766313311087,"pid":68167,"hostname":"reuvens-MacBook-Pro.local","msg":"Server running on port 3459 in production mode"}
{"level":30,"time":1766313314003,"pid":68167,"hostname":"reuvens-MacBook-Pro.local","msg":"Shutting down..."}
{"level":30,"time":1766313314013,"pid":68167,"hostname":"reuvens-MacBook-Pro.local","msg":"[DB] Disconnected from MongoDB"}
{"level":30,"time":1766313316477,"pid":68174,"hostname":"reuvens-MacBook-Pro.local","msg":"[DB] Connected to MongoDB"}
{"level":30,"time":1766313316479,"pid":68174,"hostname":"reuvens-MacBook-Pro.local","msg":"Server running on port 3459 in production mode"}
{"level":30,"time":1766313414951,"pid":68174,"hostname":"reuvens-MacBook-Pro.local","msg":"Shutting down..."}
{"level":30,"time":1766313414960,"pid":68174,"hostname":"reuvens-MacBook-Pro.local","msg":"[DB] Disconnected from MongoDB"}
{"level":30,"time":1766313421277,"pid":68246,"hostname":"reuvens-MacBook-Pro.local","msg":"[DB] Connected to MongoDB"}
{"level":30,"time":1766313421278,"pid":68246,"hostname":"reuvens-MacBook-Pro.local","msg":"Server running on port 3459 in production mode"}
{"level":30,"time":1766313423793,"pid":68246,"hostname":"reuvens-MacBook-Pro.local","msg":"Shutting down..."}
{"level":30,"time":1766313423828,"pid":68246,"hostname":"reuvens-MacBook-Pro.local","msg":"[DB] Disconnected from MongoDB"}
{"level":30,"time":1766313426392,"pid":68260,"hostname":"reuvens-MacBook-Pro.local","msg":"[DB] Connected to MongoDB"}
{"level":30,"time":1766313426393,"pid":68260,"hostname":"reuvens-MacBook-Pro.local","msg":"Server running on port 3459 in production mode"}
{"level":30,"time":1766313450255,"pid":68260,"hostname":"reuvens-MacBook-Pro.local","msg":"Shutting down..."}
{"level":30,"time":1766313450274,"pid":68260,"hostname":"reuvens-MacBook-Pro.local","msg":"[DB] Disconnected from MongoDB"}
{"level":30,"time":1766313452593,"pid":68286,"hostname":"reuvens-MacBook-Pro.local","msg":"[DB] Connected to MongoDB"}
{"level":30,"time":1766313452594,"pid":68286,"hostname":"reuvens-MacBook-Pro.local","msg":"Server running on port 3459 in production mode"}
{"level":30,"time":1766313462687,"pid":68286,"hostname":"reuvens-MacBook-Pro.local","msg":"Shutting down..."}
{"level":30,"time":1766313462697,"pid":68286,"hostname":"reuvens-MacBook-Pro.local","msg":"[DB] Disconnected from MongoDB"}
{"level":30,"time":1766313465230,"pid":68296,"hostname":"reuvens-MacBook-Pro.local","msg":"[DB] Connected to MongoDB"}
{"level":30,"time":1766313465232,"pid":68296,"hostname":"reuvens-MacBook-Pro.local","msg":"Server running on port 3459 in production mode"}
{"level":30,"time":1766313465233,"pid":68296,"hostname":"reuvens-MacBook-Pro.local","msg":"Next leaderboard reward distribution scheduled in 802 minutes"}
{"level":30,"time":1766313468471,"pid":68296,"hostname":"reuvens-MacBook-Pro.local","msg":"Distributed leaderboard reward to not be milk (Rank #1): 1000000 coins, 1000 gems, legendary chest"}
{"level":30,"time":1766313469229,"pid":68296,"hostname":"reuvens-MacBook-Pro.local","msg":"Distributed leaderboard reward to Reuven DegensGames (Rank #2): 333333 coins, 333 gems, legendary chest"}
{"level":30,"time":1766313470054,"pid":68296,"hostname":"reuvens-MacBook-Pro.local","msg":"Distributed leaderboard reward to reuven dagaga (Rank #3): 166666 coins, 166 gems, legendary chest"}
{"level":30,"time":1766313470119,"pid":68296,"hostname":"reuvens-MacBook-Pro.local","msg":"Shutting down..."}
{"level":30,"time":1766313470130,"pid":68296,"hostname":"reuvens-MacBook-Pro.local","msg":"[DB] Disconnected from MongoDB"}
{"level":30,"time":1766313472641,"pid":68308,"hostname":"reuvens-MacBook-Pro.local","msg":"[DB] Connected to MongoDB"}
{"level":30,"time":1766313472643,"pid":68308,"hostname":"reuvens-MacBook-Pro.local","msg":"Server running on port 3459 in production mode"}
{"level":30,"time":1766313472644,"pid":68308,"hostname":"reuvens-MacBook-Pro.local","msg":"Next leaderboard reward distribution scheduled in 802 minutes"}
{"level":30,"time":1766313474078,"pid":68308,"hostname":"reuvens-MacBook-Pro.local","msg":"Leaderboard rewards already distributed today"}
{"level":30,"time":1766315996474,"pid":68308,"hostname":"reuvens-MacBook-Pro.local","msg":"Google auth attempt"}
{"level":30,"time":1766315997970,"pid":68308,"hostname":"reuvens-MacBook-Pro.local","msg":"Creating new user with email: {\n  username: 'BV V',\n  email: 'reuvendagaga.dev@gmail.com',\n  googleId: '103542222855278526045',\n  avatar: 'https://lh3.googleusercontent.com/a/ACg8ocKfn3YkrGNioNJUSqy7RPNFEqeEt10TN00daTXDRGy4JZcM8Q=s96-c',\n  coins: 1000,\n  gems: 50,\n  heldCoins: 0,\n  gamesPlayed: 0,\n  gamesWon: 0,\n  totalDistance: 0,\n  totalCoinsCollected: 0,\n  highestArmy: 0,\n  bestScore: 0,\n  currentSkin: 'default',\n  ownedSkins: [ 'default' ],\n  currentCharacterType: 'preset',\n  creatorStats: {\n    totalEarnings: { coins: 0, gems: 0 },\n    totalAssetsSold: 0,\n    creatorRating: 0,\n    ratingCount: 0\n  },\n  friends: [],\n  _id: new ObjectId('6947d7dd31c23651e81a9be4'),\n  upgrades: {\n    capacity: 0,\n    addWarrior: 0,\n    warriorUpgrade: 0,\n    income: 0,\n    speed: 0,\n    jump: 0,\n    power: 0,\n    magnet: 0\n  },\n  dailyMissions: [],\n  weeklyMissions: [],\n  achievements: [],\n  activeBoosts: [],\n  settings: {\n    masterVolume: 0.7,\n    musicVolume: 0.5,\n    sfxVolume: 0.8,\n    graphicsQuality: 'medium',\n    showFPS: true,\n    controlSensitivity: 0.6\n  }\n}"}
{"level":30,"time":1766315998144,"pid":68308,"hostname":"reuvens-MacBook-Pro.local","msg":"New user registered: reuvendagaga.dev@gmail.com"}
{"level":30,"time":1766331498927,"pid":68308,"hostname":"reuvens-MacBook-Pro.local","msg":"Google auth attempt"}
{"level":30,"time":1766331499068,"pid":68308,"hostname":"reuvens-MacBook-Pro.local","msg":"Creating new user with email: {\n  username: 'reuven dagaga',\n  email: 'reuvendagaga@gmail.com',\n  googleId: '108963323050853439826',\n  avatar: 'https://lh3.googleusercontent.com/a/ACg8ocLacQyS5Us7eczHFR4oH1Fn-DOGCgNW-1BqBOYfLxh_UoWsZA=s96-c',\n  coins: 1000,\n  gems: 50,\n  heldCoins: 0,\n  gamesPlayed: 0,\n  gamesWon: 0,\n  totalDistance: 0,\n  totalCoinsCollected: 0,\n  highestArmy: 0,\n  bestScore: 0,\n  currentSkin: 'default',\n  ownedSkins: [ 'default' ],\n  currentCharacterType: 'preset',\n  creatorStats: {\n    totalEarnings: { coins: 0, gems: 0 },\n    totalAssetsSold: 0,\n    creatorRating: 0,\n    ratingCount: 0\n  },\n  friends: [],\n  _id: new ObjectId('6948146b31c23651e81a9c7b'),\n  upgrades: {\n    capacity: 0,\n    addWarrior: 0,\n    warriorUpgrade: 0,\n    income: 0,\n    speed: 0,\n    jump: 0,\n    power: 0,\n    magnet: 0\n  },\n  dailyMissions: [],\n  weeklyMissions: [],\n  achievements: [],\n  activeBoosts: [],\n  settings: {\n    masterVolume: 0.7,\n    musicVolume: 0.5,\n    sfxVolume: 0.8,\n    graphicsQuality: 'medium',\n    showFPS: true,\n    controlSensitivity: 0.6\n  }\n}"}
{"level":50,"time":1766331499210,"pid":68308,"hostname":"reuvens-MacBook-Pro.local","msg":"Google auth error:"}
{"level":30,"time":1766331505734,"pid":68308,"hostname":"reuvens-MacBook-Pro.local","msg":"Google auth attempt"}
{"level":30,"time":1766331505876,"pid":68308,"hostname":"reuvens-MacBook-Pro.local","msg":"Creating new user with email: {\n  username: 'reuven dagaga',\n  email: 'reuvendagaga@gmail.com',\n  googleId: '108963323050853439826',\n  avatar: 'https://lh3.googleusercontent.com/a/ACg8ocLacQyS5Us7eczHFR4oH1Fn-DOGCgNW-1BqBOYfLxh_UoWsZA=s96-c',\n  coins: 1000,\n  gems: 50,\n  heldCoins: 0,\n  gamesPlayed: 0,\n  gamesWon: 0,\n  totalDistance: 0,\n  totalCoinsCollected: 0,\n  highestArmy: 0,\n  bestScore: 0,\n  currentSkin: 'default',\n  ownedSkins: [ 'default' ],\n  currentCharacterType: 'preset',\n  creatorStats: {\n    totalEarnings: { coins: 0, gems: 0 },\n    totalAssetsSold: 0,\n    creatorRating: 0,\n    ratingCount: 0\n  },\n  friends: [],\n  _id: new ObjectId('6948147131c23651e81a9c7e'),\n  upgrades: {\n    capacity: 0,\n    addWarrior: 0,\n    warriorUpgrade: 0,\n    income: 0,\n    speed: 0,\n    jump: 0,\n    power: 0,\n    magnet: 0\n  },\n  dailyMissions: [],\n  weeklyMissions: [],\n  achievements: [],\n  activeBoosts: [],\n  settings: {\n    masterVolume: 0.7,\n    musicVolume: 0.5,\n    sfxVolume: 0.8,\n    graphicsQuality: 'medium',\n    showFPS: true,\n    controlSensitivity: 0.6\n  }\n}"}
{"level":50,"time":1766331506016,"pid":68308,"hostname":"reuvens-MacBook-Pro.local","msg":"Google auth error:"}
{"level":30,"time":1766331595289,"pid":68308,"hostname":"reuvens-MacBook-Pro.local","msg":"Google auth attempt"}
{"level":30,"time":1766331595433,"pid":68308,"hostname":"reuvens-MacBook-Pro.local","msg":"Creating new user with email: {\n  username: 'Ugo Baga',\n  email: 'ugobagat@gmail.com',\n  googleId: '117803064092104979807',\n  avatar: 'https://lh3.googleusercontent.com/a/ACg8ocLfFfZea-oDOyXbXuNcBcsWFQp4FLr6veWe4SY5syV5W_v6jw=s96-c',\n  coins: 1000,\n  gems: 50,\n  heldCoins: 0,\n  gamesPlayed: 0,\n  gamesWon: 0,\n  totalDistance: 0,\n  totalCoinsCollected: 0,\n  highestArmy: 0,\n  bestScore: 0,\n  currentSkin: 'default',\n  ownedSkins: [ 'default' ],\n  currentCharacterType: 'preset',\n  creatorStats: {\n    totalEarnings: { coins: 0, gems: 0 },\n    totalAssetsSold: 0,\n    creatorRating: 0,\n    ratingCount: 0\n  },\n  friends: [],\n  _id: new ObjectId('694814cb31c23651e81a9c81'),\n  upgrades: {\n    capacity: 0,\n    addWarrior: 0,\n    warriorUpgrade: 0,\n    income: 0,\n    speed: 0,\n    jump: 0,\n    power: 0,\n    magnet: 0\n  },\n  dailyMissions: [],\n  weeklyMissions: [],\n  achievements: [],\n  activeBoosts: [],\n  settings: {\n    masterVolume: 0.7,\n    musicVolume: 0.5,\n    sfxVolume: 0.8,\n    graphicsQuality: 'medium',\n    showFPS: true,\n    controlSensitivity: 0.6\n  }\n}"}
{"level":30,"time":1766331595579,"pid":68308,"hostname":"reuvens-MacBook-Pro.local","msg":"New user registered: ugobagat@gmail.com"}
{"level":30,"time":1766331600028,"pid":68308,"hostname":"reuvens-MacBook-Pro.local","msg":"User 694814cb31c23651e81a9c81 updated profile"}
{"level":30,"time":1766331601735,"pid":68308,"hostname":"reuvens-MacBook-Pro.local","msg":"User 694814cb31c23651e81a9c81 updated profile"}
{"level":30,"time":1766337200038,"pid":68308,"hostname":"reuvens-MacBook-Pro.local","msg":"Shutting down..."}
{"level":30,"time":1766337200042,"pid":68308,"hostname":"reuvens-MacBook-Pro.local","msg":"[DB] Disconnected from MongoDB"}
{"level":30,"time":1766337202948,"pid":75957,"hostname":"reuvens-MacBook-Pro.local","msg":"[DB] Connected to MongoDB"}
{"level":30,"time":1766337202949,"pid":75957,"hostname":"reuvens-MacBook-Pro.local","msg":"Server running on port 3459 in production mode"}
{"level":30,"time":1766337202951,"pid":75957,"hostname":"reuvens-MacBook-Pro.local","msg":"Next leaderboard reward distribution scheduled in 406 minutes"}
{"level":30,"time":1766337204153,"pid":75957,"hostname":"reuvens-MacBook-Pro.local","msg":"Leaderboard rewards already distributed today"}
{"level":30,"time":1766337211314,"pid":75957,"hostname":"reuvens-MacBook-Pro.local","msg":"Shutting down..."}
{"level":30,"time":1766337211321,"pid":75957,"hostname":"reuvens-MacBook-Pro.local","msg":"[DB] Disconnected from MongoDB"}
{"level":30,"time":1766337214007,"pid":75970,"hostname":"reuvens-MacBook-Pro.local","msg":"[DB] Connected to MongoDB"}
{"level":30,"time":1766337214008,"pid":75970,"hostname":"reuvens-MacBook-Pro.local","msg":"Server running on port 3459 in production mode"}
{"level":30,"time":1766337214009,"pid":75970,"hostname":"reuvens-MacBook-Pro.local","msg":"Next leaderboard reward distribution scheduled in 406 minutes"}
{"level":30,"time":1766337215241,"pid":75970,"hostname":"reuvens-MacBook-Pro.local","msg":"Leaderboard rewards already distributed today"}
{"level":30,"time":1766337220655,"pid":75970,"hostname":"reuvens-MacBook-Pro.local","msg":"Shutting down..."}
{"level":30,"time":1766337220668,"pid":75970,"hostname":"reuvens-MacBook-Pro.local","msg":"[DB] Disconnected from MongoDB"}
{"level":30,"time":1766337223265,"pid":75984,"hostname":"reuvens-MacBook-Pro.local","msg":"[DB] Connected to MongoDB"}
{"level":30,"time":1766337223267,"pid":75984,"hostname":"reuvens-MacBook-Pro.local","msg":"Server running on port 3459 in production mode"}
{"level":30,"time":1766337223269,"pid":75984,"hostname":"reuvens-MacBook-Pro.local","msg":"Next leaderboard reward distribution scheduled in 406 minutes"}
{"level":30,"time":1766337224353,"pid":75984,"hostname":"reuvens-MacBook-Pro.local","msg":"Leaderboard rewards already distributed today"}
{"level":30,"time":1766337230947,"pid":75984,"hostname":"reuvens-MacBook-Pro.local","msg":"Shutting down..."}
{"level":30,"time":1766337230959,"pid":75984,"hostname":"reuvens-MacBook-Pro.local","msg":"[DB] Disconnected from MongoDB"}
{"level":30,"time":1766337233822,"pid":75997,"hostname":"reuvens-MacBook-Pro.local","msg":"[DB] Connected to MongoDB"}
{"level":30,"time":1766337233824,"pid":75997,"hostname":"reuvens-MacBook-Pro.local","msg":"Server running on port 3459 in production mode"}
{"level":30,"time":1766337233826,"pid":75997,"hostname":"reuvens-MacBook-Pro.local","msg":"Next leaderboard reward distribution scheduled in 406 minutes"}
{"level":30,"time":1766337235024,"pid":75997,"hostname":"reuvens-MacBook-Pro.local","msg":"Leaderboard rewards already distributed today"}
{"level":30,"time":1766337411268,"pid":75997,"hostname":"reuvens-MacBook-Pro.local","msg":"Shutting down..."}
{"level":30,"time":1766337411281,"pid":75997,"hostname":"reuvens-MacBook-Pro.local","msg":"[DB] Disconnected from MongoDB"}
{"level":30,"time":1766337413591,"pid":76060,"hostname":"reuvens-MacBook-Pro.local","msg":"[DB] Connected to MongoDB"}
{"level":30,"time":1766337413592,"pid":76060,"hostname":"reuvens-MacBook-Pro.local","msg":"Server running on port 3459 in production mode"}
{"level":30,"time":1766337413594,"pid":76060,"hostname":"reuvens-MacBook-Pro.local","msg":"Next leaderboard reward distribution scheduled in 403 minutes"}
{"level":30,"time":1766337414806,"pid":76060,"hostname":"reuvens-MacBook-Pro.local","msg":"Leaderboard rewards already distributed today"}
{"level":30,"time":1766337446937,"pid":76060,"hostname":"reuvens-MacBook-Pro.local","msg":"Shutting down..."}
{"level":30,"time":1766337446948,"pid":76060,"hostname":"reuvens-MacBook-Pro.local","msg":"[DB] Disconnected from MongoDB"}
{"level":30,"time":1766337449820,"pid":76088,"hostname":"reuvens-MacBook-Pro.local","msg":"[DB] Connected to MongoDB"}
{"level":30,"time":1766337449822,"pid":76088,"hostname":"reuvens-MacBook-Pro.local","msg":"Server running on port 3459 in production mode"}
{"level":30,"time":1766337449824,"pid":76088,"hostname":"reuvens-MacBook-Pro.local","msg":"Next leaderboard reward distribution scheduled in 402 minutes"}
{"level":30,"time":1766337451013,"pid":76088,"hostname":"reuvens-MacBook-Pro.local","msg":"Leaderboard rewards already distributed today"}
{"level":30,"time":1766337451416,"pid":76088,"hostname":"reuvens-MacBook-Pro.local","msg":"Shutting down..."}
{"level":30,"time":1766337451472,"pid":76088,"hostname":"reuvens-MacBook-Pro.local","msg":"[DB] Disconnected from MongoDB"}
{"level":30,"time":1766337451823,"pid":76092,"hostname":"reuvens-MacBook-Pro.local","msg":"Chest socket namespace initialized"}
{"level":30,"time":1766337453280,"pid":76092,"hostname":"reuvens-MacBook-Pro.local","msg":"[DB] Connected to MongoDB"}
{"level":30,"time":1766337453282,"pid":76092,"hostname":"reuvens-MacBook-Pro.local","msg":"Server running on port 3459 in production mode"}
{"level":30,"time":1766337453283,"pid":76092,"hostname":"reuvens-MacBook-Pro.local","msg":"Next leaderboard reward distribution scheduled in 402 minutes"}
{"level":30,"time":1766337454473,"pid":76092,"hostname":"reuvens-MacBook-Pro.local","msg":"Leaderboard rewards already distributed today"}
{"level":30,"time":1766337473633,"pid":76092,"hostname":"reuvens-MacBook-Pro.local","msg":"Shutting down..."}
{"level":30,"time":1766337473646,"pid":76092,"hostname":"reuvens-MacBook-Pro.local","msg":"[DB] Disconnected from MongoDB"}
{"level":30,"time":1766337474386,"pid":76106,"hostname":"reuvens-MacBook-Pro.local","msg":"Chest socket namespace initialized"}
{"level":30,"time":1766337475918,"pid":76106,"hostname":"reuvens-MacBook-Pro.local","msg":"[DB] Connected to MongoDB"}
{"level":30,"time":1766337475919,"pid":76106,"hostname":"reuvens-MacBook-Pro.local","msg":"Server running on port 3459 in production mode"}
{"level":30,"time":1766337475920,"pid":76106,"hostname":"reuvens-MacBook-Pro.local","msg":"Next leaderboard reward distribution scheduled in 402 minutes"}
{"level":30,"time":1766337477151,"pid":76106,"hostname":"reuvens-MacBook-Pro.local","msg":"Leaderboard rewards already distributed today"}
{"level":30,"time":1766337482391,"pid":76106,"hostname":"reuvens-MacBook-Pro.local","msg":"Shutting down..."}
{"level":30,"time":1766337482399,"pid":76106,"hostname":"reuvens-MacBook-Pro.local","msg":"[DB] Disconnected from MongoDB"}
{"level":30,"time":1766337482961,"pid":76122,"hostname":"reuvens-MacBook-Pro.local","msg":"Chest socket namespace initialized"}
{"level":30,"time":1766337484519,"pid":76122,"hostname":"reuvens-MacBook-Pro.local","msg":"[DB] Connected to MongoDB"}
{"level":30,"time":1766337484521,"pid":76122,"hostname":"reuvens-MacBook-Pro.local","msg":"Server running on port 3459 in production mode"}
{"level":30,"time":1766337484523,"pid":76122,"hostname":"reuvens-MacBook-Pro.local","msg":"Next leaderboard reward distribution scheduled in 401 minutes"}
{"level":30,"time":1766337485745,"pid":76122,"hostname":"reuvens-MacBook-Pro.local","msg":"Leaderboard rewards already distributed today"}
{"level":30,"time":1766337851731,"pid":76122,"hostname":"reuvens-MacBook-Pro.local","msg":"Shutting down..."}
{"level":30,"time":1766337851742,"pid":76122,"hostname":"reuvens-MacBook-Pro.local","msg":"[DB] Disconnected from MongoDB"}
{"level":30,"time":1766337853082,"pid":76334,"hostname":"reuvens-MacBook-Pro.local","msg":"Chest socket namespace initialized"}
{"level":30,"time":1766337854727,"pid":76334,"hostname":"reuvens-MacBook-Pro.local","msg":"[DB] Connected to MongoDB"}
{"level":30,"time":1766337854728,"pid":76334,"hostname":"reuvens-MacBook-Pro.local","msg":"Server running on port 3459 in production mode"}
{"level":30,"time":1766337854729,"pid":76334,"hostname":"reuvens-MacBook-Pro.local","msg":"Next leaderboard reward distribution scheduled in 395 minutes"}
{"level":30,"time":1766337855931,"pid":76334,"hostname":"reuvens-MacBook-Pro.local","msg":"Leaderboard rewards already distributed today"}
{"level":30,"time":1766337857065,"pid":76334,"hostname":"reuvens-MacBook-Pro.local","msg":"Shutting down..."}
{"level":30,"time":1766337857096,"pid":76334,"hostname":"reuvens-MacBook-Pro.local","msg":"[DB] Disconnected from MongoDB"}
{"level":30,"time":1766337857600,"pid":76340,"hostname":"reuvens-MacBook-Pro.local","msg":"Chest socket namespace initialized"}
{"level":30,"time":1766337859065,"pid":76340,"hostname":"reuvens-MacBook-Pro.local","msg":"[DB] Connected to MongoDB"}
{"level":30,"time":1766337859067,"pid":76340,"hostname":"reuvens-MacBook-Pro.local","msg":"Server running on port 3459 in production mode"}
{"level":30,"time":1766337859070,"pid":76340,"hostname":"reuvens-MacBook-Pro.local","msg":"Next leaderboard reward distribution scheduled in 395 minutes"}
{"level":30,"time":1766337860263,"pid":76340,"hostname":"reuvens-MacBook-Pro.local","msg":"Leaderboard rewards already distributed today"}
{"level":30,"time":1766337861935,"pid":76340,"hostname":"reuvens-MacBook-Pro.local","msg":"Shutting down..."}
{"level":30,"time":1766337861951,"pid":76340,"hostname":"reuvens-MacBook-Pro.local","msg":"[DB] Disconnected from MongoDB"}
{"level":30,"time":1766337863139,"pid":76351,"hostname":"reuvens-MacBook-Pro.local","msg":"Chest socket namespace initialized"}
{"level":30,"time":1766337864684,"pid":76351,"hostname":"reuvens-MacBook-Pro.local","msg":"[DB] Connected to MongoDB"}
{"level":30,"time":1766337864685,"pid":76351,"hostname":"reuvens-MacBook-Pro.local","msg":"Server running on port 3459 in production mode"}
{"level":30,"time":1766337864687,"pid":76351,"hostname":"reuvens-MacBook-Pro.local","msg":"Next leaderboard reward distribution scheduled in 395 minutes"}
{"level":30,"time":1766337865902,"pid":76351,"hostname":"reuvens-MacBook-Pro.local","msg":"Leaderboard rewards already distributed today"}
{"level":40,"time":1766340872934,"pid":76351,"hostname":"reuvens-MacBook-Pro.local","msg":"Chest socket connection without userId, disconnecting"}
{"level":40,"time":1766340898157,"pid":76351,"hostname":"reuvens-MacBook-Pro.local","msg":"Chest socket connection without userId, disconnecting"}
{"level":40,"time":1766340913471,"pid":76351,"hostname":"reuvens-MacBook-Pro.local","msg":"Chest socket connection without userId, disconnecting"}
{"level":40,"time":1766342256786,"pid":76351,"hostname":"reuvens-MacBook-Pro.local","msg":"Chest socket connection without userId, disconnecting"}
{"level":40,"time":1766342329163,"pid":76351,"hostname":"reuvens-MacBook-Pro.local","msg":"Chest socket connection without userId, disconnecting"}
{"level":40,"time":1766342370332,"pid":76351,"hostname":"reuvens-MacBook-Pro.local","msg":"Chest socket connection without userId, disconnecting"}
{"level":40,"time":1766342797764,"pid":76351,"hostname":"reuvens-MacBook-Pro.local","msg":"Chest socket connection without userId, disconnecting"}
{"level":30,"time":1766342834565,"pid":76351,"hostname":"reuvens-MacBook-Pro.local","msg":"Shutting down..."}
{"level":30,"time":1766342834575,"pid":76351,"hostname":"reuvens-MacBook-Pro.local","msg":"[DB] Disconnected from MongoDB"}
{"level":30,"time":1766342835917,"pid":77567,"hostname":"reuvens-MacBook-Pro.local","msg":"Chest socket namespace initialized"}
{"level":30,"time":1766342837731,"pid":77567,"hostname":"reuvens-MacBook-Pro.local","msg":"[DB] Connected to MongoDB"}
{"level":30,"time":1766342837733,"pid":77567,"hostname":"reuvens-MacBook-Pro.local","msg":"Server running on port 3459 in production mode"}
{"level":30,"time":1766342837734,"pid":77567,"hostname":"reuvens-MacBook-Pro.local","msg":"Next leaderboard reward distribution scheduled in 312 minutes"}
{"level":30,"time":1766342839000,"pid":77567,"hostname":"reuvens-MacBook-Pro.local","msg":"Leaderboard rewards already distributed today"}
{"level":30,"time":1766342906817,"pid":77567,"hostname":"reuvens-MacBook-Pro.local","msg":"User 693c0eea4b6bdabbf4d60727 connected to chest timer"}
{"level":30,"time":1766342912188,"pid":77567,"hostname":"reuvens-MacBook-Pro.local","msg":"User 693c0eea4b6bdabbf4d60727 disconnected from chest timer"}
{"level":30,"time":1766342916717,"pid":77567,"hostname":"reuvens-MacBook-Pro.local","msg":"User 693c0eea4b6bdabbf4d60727 connected to chest timer"}
{"level":30,"time":1766342957642,"pid":77567,"hostname":"reuvens-MacBook-Pro.local","msg":"User 6944245ba2a627085bc7f8e5 connected to chest timer"}
{"level":30,"time":1766342969473,"pid":77567,"hostname":"reuvens-MacBook-Pro.local","msg":"User 6944245ba2a627085bc7f8e5 disconnected from chest timer"}
{"level":30,"time":1766342969653,"pid":77567,"hostname":"reuvens-MacBook-Pro.local","msg":"User 6944245ba2a627085bc7f8e5 connected to chest timer"}
{"level":30,"time":1766342969985,"pid":77567,"hostname":"reuvens-MacBook-Pro.local","msg":"User 693c0eea4b6bdabbf4d60727 disconnected from chest timer"}
{"level":30,"time":1766342970319,"pid":77567,"hostname":"reuvens-MacBook-Pro.local","msg":"User 693c0eea4b6bdabbf4d60727 connected to chest timer"}
{"level":30,"time":1766342982473,"pid":77567,"hostname":"reuvens-MacBook-Pro.local","msg":"User 6944245ba2a627085bc7f8e5 disconnected from chest timer"}
{"level":30,"time":1766342982631,"pid":77567,"hostname":"reuvens-MacBook-Pro.local","msg":"User 6944245ba2a627085bc7f8e5 connected to chest timer"}
{"level":30,"time":1766342983477,"pid":77567,"hostname":"reuvens-MacBook-Pro.local","msg":"User 693c0eea4b6bdabbf4d60727 disconnected from chest timer"}
{"level":30,"time":1766342983819,"pid":77567,"hostname":"reuvens-MacBook-Pro.local","msg":"User 693c0eea4b6bdabbf4d60727 connected to chest timer"}
{"level":30,"time":1766342989473,"pid":77567,"hostname":"reuvens-MacBook-Pro.local","msg":"User 6944245ba2a627085bc7f8e5 disconnected from chest timer"}
{"level":30,"time":1766342989630,"pid":77567,"hostname":"reuvens-MacBook-Pro.local","msg":"User 6944245ba2a627085bc7f8e5 connected to chest timer"}
{"level":30,"time":1766342991058,"pid":77567,"hostname":"reuvens-MacBook-Pro.local","msg":"User 693c0eea4b6bdabbf4d60727 disconnected from chest timer"}
{"level":30,"time":1766342991394,"pid":77567,"hostname":"reuvens-MacBook-Pro.local","msg":"User 693c0eea4b6bdabbf4d60727 connected to chest timer"}
{"level":30,"time":1766342999331,"pid":77567,"hostname":"reuvens-MacBook-Pro.local","msg":"User 693c0eea4b6bdabbf4d60727 opened silver chest (timed): 2 cards, 488 coins, 5 gems"}
{"level":30,"time":1766343010841,"pid":77567,"hostname":"reuvens-MacBook-Pro.local","msg":"Shutting down..."}
{"level":30,"time":1766343016178,"pid":77711,"hostname":"reuvens-MacBook-Pro.local","msg":"Chest socket namespace initialized"}
{"level":30,"time":1766343017789,"pid":77711,"hostname":"reuvens-MacBook-Pro.local","msg":"[DB] Connected to MongoDB"}
{"level":30,"time":1766343017791,"pid":77711,"hostname":"reuvens-MacBook-Pro.local","msg":"Server running on port 3459 in production mode"}
{"level":30,"time":1766343017792,"pid":77711,"hostname":"reuvens-MacBook-Pro.local","msg":"Next leaderboard reward distribution scheduled in 309 minutes"}
{"level":30,"time":1766343019065,"pid":77711,"hostname":"reuvens-MacBook-Pro.local","msg":"Leaderboard rewards already distributed today"}
{"level":30,"time":1766343020078,"pid":77711,"hostname":"reuvens-MacBook-Pro.local","msg":"User 693c0eea4b6bdabbf4d60727 connected to chest timer"}
{"level":30,"time":1766343020981,"pid":77711,"hostname":"reuvens-MacBook-Pro.local","msg":"User 6944245ba2a627085bc7f8e5 connected to chest timer"}
{"level":30,"time":1766343026867,"pid":77711,"hostname":"reuvens-MacBook-Pro.local","msg":"Shutting down..."}
{"level":30,"time":1766343032193,"pid":77736,"hostname":"reuvens-MacBook-Pro.local","msg":"Chest socket namespace initialized"}
{"level":30,"time":1766343033692,"pid":77736,"hostname":"reuvens-MacBook-Pro.local","msg":"[DB] Connected to MongoDB"}
{"level":30,"time":1766343033693,"pid":77736,"hostname":"reuvens-MacBook-Pro.local","msg":"Server running on port 3459 in production mode"}
{"level":30,"time":1766343033694,"pid":77736,"hostname":"reuvens-MacBook-Pro.local","msg":"Next leaderboard reward distribution scheduled in 309 minutes"}
{"level":30,"time":1766343034930,"pid":77736,"hostname":"reuvens-MacBook-Pro.local","msg":"Leaderboard rewards already distributed today"}
{"level":30,"time":1766343035940,"pid":77736,"hostname":"reuvens-MacBook-Pro.local","msg":"User 693c0eea4b6bdabbf4d60727 connected to chest timer"}
{"level":30,"time":1766343036654,"pid":77736,"hostname":"reuvens-MacBook-Pro.local","msg":"User 6944245ba2a627085bc7f8e5 connected to chest timer"}
{"level":30,"time":1766343235065,"pid":77736,"hostname":"reuvens-MacBook-Pro.local","msg":"User 693c0eea4b6bdabbf4d60727 disconnected from chest timer"}
{"level":30,"time":1766343235404,"pid":77736,"hostname":"reuvens-MacBook-Pro.local","msg":"User 693c0eea4b6bdabbf4d60727 connected to chest timer"}
{"level":30,"time":1766343238631,"pid":77736,"hostname":"reuvens-MacBook-Pro.local","msg":"User 693c0eea4b6bdabbf4d60727 opened gold chest (timed): 4 cards, 1414 coins, 14 gems"}
{"level":30,"time":1766343349976,"pid":77736,"hostname":"reuvens-MacBook-Pro.local","msg":"User 693c0eea4b6bdabbf4d60727 opened silver chest (timed): 3 cards, 424 coins, 7 gems"}
{"level":30,"time":1766343359052,"pid":77736,"hostname":"reuvens-MacBook-Pro.local","msg":"User 6944245ba2a627085bc7f8e5 disconnected from chest timer"}
{"level":30,"time":1766343359053,"pid":77736,"hostname":"reuvens-MacBook-Pro.local","msg":"User 693c0eea4b6bdabbf4d60727 disconnected from chest timer"}
{"level":30,"time":1766343359828,"pid":77736,"hostname":"reuvens-MacBook-Pro.local","msg":"User 6944245ba2a627085bc7f8e5 connected to chest timer"}
{"level":30,"time":1766343363239,"pid":77736,"hostname":"reuvens-MacBook-Pro.local","msg":"User 693c0eea4b6bdabbf4d60727 connected to chest timer"}
{"level":30,"time":1766348013328,"pid":77736,"hostname":"reuvens-MacBook-Pro.local","msg":"User 693c0eea4b6bdabbf4d60727 disconnected from chest timer"}
{"level":30,"time":1766348013756,"pid":77736,"hostname":"reuvens-MacBook-Pro.local","msg":"User 693c0eea4b6bdabbf4d60727 connected to chest timer"}
{"level":30,"time":1766348098639,"pid":77736,"hostname":"reuvens-MacBook-Pro.local","msg":"User 693c0eea4b6bdabbf4d60727 disconnected from chest timer"}
{"level":30,"time":1766348102136,"pid":77736,"hostname":"reuvens-MacBook-Pro.local","msg":"User 693c0eea4b6bdabbf4d60727 connected to chest timer"}
{"level":30,"time":1766348108259,"pid":77736,"hostname":"reuvens-MacBook-Pro.local","msg":"User 693c0eea4b6bdabbf4d60727 upgraded card speed_legendary_01 to Star 1"}
{"level":30,"time":1766348111291,"pid":77736,"hostname":"reuvens-MacBook-Pro.local","msg":"User 693c0eea4b6bdabbf4d60727 upgraded card speed_legendary_01 to Star 2"}
{"level":30,"time":1766348112987,"pid":77736,"hostname":"reuvens-MacBook-Pro.local","msg":"User 693c0eea4b6bdabbf4d60727 upgraded card speed_legendary_01 to Star 3"}
{"level":50,"time":1766348114813,"pid":77736,"hostname":"reuvens-MacBook-Pro.local","msg":"Upgrade card error:"}
{"level":30,"time":1766348122708,"pid":77736,"hostname":"reuvens-MacBook-Pro.local","msg":"User 693c0eea4b6bdabbf4d60727 disconnected from chest timer"}
{"level":30,"time":1766348126141,"pid":77736,"hostname":"reuvens-MacBook-Pro.local","msg":"User 693c0eea4b6bdabbf4d60727 updated profile"}
{"level":30,"time":1766348128087,"pid":77736,"hostname":"reuvens-MacBook-Pro.local","msg":"User 693c0eea4b6bdabbf4d60727 updated profile"}
{"level":30,"time":1766348130423,"pid":77736,"hostname":"reuvens-MacBook-Pro.local","msg":"User 693c0eea4b6bdabbf4d60727 connected to chest timer"}
{"level":30,"time":1766348234013,"pid":77736,"hostname":"reuvens-MacBook-Pro.local","msg":"User 693c0eea4b6bdabbf4d60727 disconnected from chest timer"}
{"level":30,"time":1766348249142,"pid":77736,"hostname":"reuvens-MacBook-Pro.local","msg":"User 693c0eea4b6bdabbf4d60727 connected to chest timer"}
{"level":30,"time":1766348250118,"pid":77736,"hostname":"reuvens-MacBook-Pro.local","msg":"User 693c0eea4b6bdabbf4d60727 disconnected from chest timer"}
{"level":30,"time":1766348251365,"pid":77736,"hostname":"reuvens-MacBook-Pro.local","msg":"User 693c0eea4b6bdabbf4d60727 connected to chest timer"}
{"level":30,"time":1766348251905,"pid":77736,"hostname":"reuvens-MacBook-Pro.local","msg":"User 693c0eea4b6bdabbf4d60727 disconnected from chest timer"}
{"level":30,"time":1766348253611,"pid":77736,"hostname":"reuvens-MacBook-Pro.local","msg":"User 693c0eea4b6bdabbf4d60727 connected to chest timer"}
{"level":30,"time":1766348254117,"pid":77736,"hostname":"reuvens-MacBook-Pro.local","msg":"User 693c0eea4b6bdabbf4d60727 disconnected from chest timer"}
{"level":30,"time":1766348378190,"pid":77736,"hostname":"reuvens-MacBook-Pro.local","msg":"Shutting down..."}
{"level":30,"time":1766348383529,"pid":78224,"hostname":"reuvens-MacBook-Pro.local","msg":"Chest socket namespace initialized"}
{"level":30,"time":1766348385307,"pid":78224,"hostname":"reuvens-MacBook-Pro.local","msg":"[DB] Connected to MongoDB"}
{"level":30,"time":1766348385308,"pid":78224,"hostname":"reuvens-MacBook-Pro.local","msg":"Server running on port 3459 in production mode"}
{"level":30,"time":1766348385310,"pid":78224,"hostname":"reuvens-MacBook-Pro.local","msg":"Next leaderboard reward distribution scheduled in 220 minutes"}
{"level":30,"time":1766348386619,"pid":78224,"hostname":"reuvens-MacBook-Pro.local","msg":"Leaderboard rewards already distributed today"}
{"level":30,"time":1766348386626,"pid":78224,"hostname":"reuvens-MacBook-Pro.local","msg":"User 6944245ba2a627085bc7f8e5 connected to chest timer"}
{"level":30,"time":1766348393094,"pid":78224,"hostname":"reuvens-MacBook-Pro.local","msg":"Shutting down..."}
{"level":30,"time":1766348398425,"pid":78245,"hostname":"reuvens-MacBook-Pro.local","msg":"Chest socket namespace initialized"}
{"level":30,"time":1766348399901,"pid":78245,"hostname":"reuvens-MacBook-Pro.local","msg":"[DB] Connected to MongoDB"}
{"level":30,"time":1766348399902,"pid":78245,"hostname":"reuvens-MacBook-Pro.local","msg":"Server running on port 3459 in production mode"}
{"level":30,"time":1766348399903,"pid":78245,"hostname":"reuvens-MacBook-Pro.local","msg":"Next leaderboard reward distribution scheduled in 220 minutes"}
{"level":30,"time":1766348401114,"pid":78245,"hostname":"reuvens-MacBook-Pro.local","msg":"Leaderboard rewards already distributed today"}
{"level":30,"time":1766348402568,"pid":78245,"hostname":"reuvens-MacBook-Pro.local","msg":"User 6944245ba2a627085bc7f8e5 connected to chest timer"}
{"level":30,"time":1766348483697,"pid":78245,"hostname":"reuvens-MacBook-Pro.local","msg":"User 693c0eea4b6bdabbf4d60727 connected to chest timer"}
{"level":30,"time":1766348486016,"pid":78245,"hostname":"reuvens-MacBook-Pro.local","msg":"User 693c0eea4b6bdabbf4d60727 disconnected from chest timer"}
{"level":30,"time":1766348489189,"pid":78245,"hostname":"reuvens-MacBook-Pro.local","msg":"User 693c0eea4b6bdabbf4d60727 updated profile"}
{"level":30,"time":1766348491475,"pid":78245,"hostname":"reuvens-MacBook-Pro.local","msg":"User 693c0eea4b6bdabbf4d60727 connected to chest timer"}
{"level":30,"time":1766348495859,"pid":78245,"hostname":"reuvens-MacBook-Pro.local","msg":"User 693c0eea4b6bdabbf4d60727 upgraded card income_rare_01 to Star 1"}
{"level":30,"time":1766348500377,"pid":78245,"hostname":"reuvens-MacBook-Pro.local","msg":"User 693c0eea4b6bdabbf4d60727 opened silver chest (timed): 2 cards, 554 coins, 13 gems"}
{"level":30,"time":1766348509257,"pid":78245,"hostname":"reuvens-MacBook-Pro.local","msg":"User 693c0eea4b6bdabbf4d60727 upgraded card speed_uncommon_01 to Star 1"}
{"level":50,"time":1766348511038,"pid":78245,"hostname":"reuvens-MacBook-Pro.local","msg":"Upgrade card error:"}
{"level":50,"time":1766348513795,"pid":78245,"hostname":"reuvens-MacBook-Pro.local","msg":"Upgrade card error:"}
{"level":50,"time":1766348514964,"pid":78245,"hostname":"reuvens-MacBook-Pro.local","msg":"Upgrade card error:"}
{"level":30,"time":1766348522154,"pid":78245,"hostname":"reuvens-MacBook-Pro.local","msg":"User 693c0eea4b6bdabbf4d60727 disconnected from chest timer"}
{"level":30,"time":1766348525718,"pid":78245,"hostname":"reuvens-MacBook-Pro.local","msg":"User 693c0eea4b6bdabbf4d60727 updated profile"}
{"level":30,"time":1766348528003,"pid":78245,"hostname":"reuvens-MacBook-Pro.local","msg":"User 693c0eea4b6bdabbf4d60727 connected to chest timer"}
{"level":30,"time":1766348651422,"pid":78245,"hostname":"reuvens-MacBook-Pro.local","msg":"User 693c0eea4b6bdabbf4d60727 disconnected from chest timer"}
{"level":30,"time":1766348662764,"pid":78245,"hostname":"reuvens-MacBook-Pro.local","msg":"User 693c0eea4b6bdabbf4d60727 connected to chest timer"}
{"level":30,"time":1766348716411,"pid":78245,"hostname":"reuvens-MacBook-Pro.local","msg":"User 693c0eea4b6bdabbf4d60727 disconnected from chest timer"}
{"level":30,"time":1766348716749,"pid":78245,"hostname":"reuvens-MacBook-Pro.local","msg":"User 693c0eea4b6bdabbf4d60727 connected to chest timer"}
{"level":30,"time":1766348738229,"pid":78245,"hostname":"reuvens-MacBook-Pro.local","msg":"User 693c0eea4b6bdabbf4d60727 opened silver chest (timed): 2 cards, 904 coins, 13 gems"}
{"level":30,"time":1766348879428,"pid":78245,"hostname":"reuvens-MacBook-Pro.local","msg":"User 693c0eea4b6bdabbf4d60727 disconnected from chest timer"}
{"level":30,"time":1766348919786,"pid":78245,"hostname":"reuvens-MacBook-Pro.local","msg":"User 693c0eea4b6bdabbf4d60727 connected to chest timer"}
{"level":30,"time":1766349441081,"pid":78245,"hostname":"reuvens-MacBook-Pro.local","msg":"User 693c0eea4b6bdabbf4d60727 disconnected from chest timer"}
{"level":30,"time":1766349441407,"pid":78245,"hostname":"reuvens-MacBook-Pro.local","msg":"User 693c0eea4b6bdabbf4d60727 connected to chest timer"}
{"level":30,"time":1766349441978,"pid":78245,"hostname":"reuvens-MacBook-Pro.local","msg":"User 693c0eea4b6bdabbf4d60727 disconnected from chest timer"}
{"level":30,"time":1766349442321,"pid":78245,"hostname":"reuvens-MacBook-Pro.local","msg":"User 693c0eea4b6bdabbf4d60727 connected to chest timer"}
{"level":30,"time":1766349445290,"pid":78245,"hostname":"reuvens-MacBook-Pro.local","msg":"User 693c0eea4b6bdabbf4d60727 opened silver chest (timed): 2 cards, 509 coins, 8 gems"}
{"level":30,"time":1766349561933,"pid":78245,"hostname":"reuvens-MacBook-Pro.local","msg":"User 693c0eea4b6bdabbf4d60727 disconnected from chest timer"}
{"level":30,"time":1766349589876,"pid":78245,"hostname":"reuvens-MacBook-Pro.local","msg":"User 693c0eea4b6bdabbf4d60727 connected to chest timer"}
{"level":30,"time":1766349838895,"pid":78245,"hostname":"reuvens-MacBook-Pro.local","msg":"User 693c0eea4b6bdabbf4d60727 disconnected from chest timer"}
{"level":30,"time":1766349846578,"pid":78245,"hostname":"reuvens-MacBook-Pro.local","msg":"User 693c0eea4b6bdabbf4d60727 connected to chest timer"}
{"level":30,"time":1766350097555,"pid":78245,"hostname":"reuvens-MacBook-Pro.local","msg":"User 693c0eea4b6bdabbf4d60727 disconnected from chest timer"}
{"level":30,"time":1766350099330,"pid":78245,"hostname":"reuvens-MacBook-Pro.local","msg":"User 693c0eea4b6bdabbf4d60727 connected to chest timer"}
{"level":30,"time":1766350100665,"pid":78245,"hostname":"reuvens-MacBook-Pro.local","msg":"User 693c0eea4b6bdabbf4d60727 disconnected from chest timer"}
{"level":30,"time":1766350126794,"pid":78245,"hostname":"reuvens-MacBook-Pro.local","msg":"User 693c0eea4b6bdabbf4d60727 connected to chest timer"}
{"level":30,"time":1766350335437,"pid":78245,"hostname":"reuvens-MacBook-Pro.local","msg":"User 6944245ba2a627085bc7f8e5 disconnected from chest timer"}
{"level":30,"time":1766350335601,"pid":78245,"hostname":"reuvens-MacBook-Pro.local","msg":"User 6944245ba2a627085bc7f8e5 connected to chest timer"}
{"level":30,"time":1766350337453,"pid":78245,"hostname":"reuvens-MacBook-Pro.local","msg":"User 693c0eea4b6bdabbf4d60727 disconnected from chest timer"}
{"level":30,"time":1766350337979,"pid":78245,"hostname":"reuvens-MacBook-Pro.local","msg":"User 693c0eea4b6bdabbf4d60727 connected to chest timer"}
{"level":30,"time":1766350367449,"pid":78245,"hostname":"reuvens-MacBook-Pro.local","msg":"User 693c0eea4b6bdabbf4d60727 disconnected from chest timer"}
{"level":30,"time":1766350367763,"pid":78245,"hostname":"reuvens-MacBook-Pro.local","msg":"User 693c0eea4b6bdabbf4d60727 connected to chest timer"}
{"level":30,"time":1766351085924,"pid":78245,"hostname":"reuvens-MacBook-Pro.local","msg":"User 693c0eea4b6bdabbf4d60727 disconnected from chest timer"}
{"level":30,"time":1766351088553,"pid":78245,"hostname":"reuvens-MacBook-Pro.local","msg":"User 693c0eea4b6bdabbf4d60727 connected to chest timer"}
{"level":30,"time":1766351100078,"pid":78245,"hostname":"reuvens-MacBook-Pro.local","msg":"User 693c0eea4b6bdabbf4d60727 disconnected from chest timer"}
{"level":30,"time":1766351102615,"pid":78245,"hostname":"reuvens-MacBook-Pro.local","msg":"User 693c0eea4b6bdabbf4d60727 connected to chest timer"}
{"level":30,"time":1766351977306,"pid":78245,"hostname":"reuvens-MacBook-Pro.local","msg":"User 693c0eea4b6bdabbf4d60727 disconnected from chest timer"}
{"level":30,"time":1766351985051,"pid":78245,"hostname":"reuvens-MacBook-Pro.local","msg":"User 693c0eea4b6bdabbf4d60727 connected to chest timer"}
{"level":30,"time":1766352104752,"pid":78245,"hostname":"reuvens-MacBook-Pro.local","msg":"User 693c0eea4b6bdabbf4d60727 disconnected from chest timer"}
{"level":30,"time":1766352105939,"pid":78245,"hostname":"reuvens-MacBook-Pro.local","msg":"User 693c0eea4b6bdabbf4d60727 connected to chest timer"}
{"level":30,"time":1766352116988,"pid":78245,"hostname":"reuvens-MacBook-Pro.local","msg":"User 693c0eea4b6bdabbf4d60727 disconnected from chest timer"}
{"level":30,"time":1766352119624,"pid":78245,"hostname":"reuvens-MacBook-Pro.local","msg":"User 693c0eea4b6bdabbf4d60727 connected to chest timer"}
{"level":30,"time":1766352354880,"pid":78245,"hostname":"reuvens-MacBook-Pro.local","msg":"Shutting down..."}
{"level":30,"time":1766352355478,"pid":78245,"hostname":"reuvens-MacBook-Pro.local","msg":"User 693c0eea4b6bdabbf4d60727 disconnected from chest timer"}
{"level":30,"time":1766352360485,"pid":80907,"hostname":"reuvens-MacBook-Pro.local","msg":"Chest socket namespace initialized"}
{"level":30,"time":1766352362180,"pid":80907,"hostname":"reuvens-MacBook-Pro.local","msg":"[DB] Connected to MongoDB"}
{"level":30,"time":1766352362184,"pid":80907,"hostname":"reuvens-MacBook-Pro.local","msg":"Server running on port 3459 in production mode"}
{"level":30,"time":1766352362186,"pid":80907,"hostname":"reuvens-MacBook-Pro.local","msg":"Next leaderboard reward distribution scheduled in 153 minutes"}
{"level":30,"time":1766352363471,"pid":80907,"hostname":"reuvens-MacBook-Pro.local","msg":"Leaderboard rewards already distributed today"}
{"level":30,"time":1766352364001,"pid":80907,"hostname":"reuvens-MacBook-Pro.local","msg":"User 6944245ba2a627085bc7f8e5 connected to chest timer"}
{"level":30,"time":1766352365154,"pid":80907,"hostname":"reuvens-MacBook-Pro.local","msg":"User 693c0eea4b6bdabbf4d60727 connected to chest timer"}
{"level":30,"time":1766352424253,"pid":80907,"hostname":"reuvens-MacBook-Pro.local","msg":"User 693c0eea4b6bdabbf4d60727 opened silver chest (timed): 3 cards, 467 coins, 11 gems"}
{"level":30,"time":1766352464873,"pid":80907,"hostname":"reuvens-MacBook-Pro.local","msg":"User 693c0eea4b6bdabbf4d60727 disconnected from chest timer"}
{"level":30,"time":1766352465209,"pid":80907,"hostname":"reuvens-MacBook-Pro.local","msg":"User 693c0eea4b6bdabbf4d60727 connected to chest timer"}
{"level":30,"time":1766352466330,"pid":80907,"hostname":"reuvens-MacBook-Pro.local","msg":"User 693c0eea4b6bdabbf4d60727 disconnected from chest timer"}
{"level":30,"time":1766352466668,"pid":80907,"hostname":"reuvens-MacBook-Pro.local","msg":"User 693c0eea4b6bdabbf4d60727 connected to chest timer"}
{"level":30,"time":1766352467609,"pid":80907,"hostname":"reuvens-MacBook-Pro.local","msg":"User 693c0eea4b6bdabbf4d60727 disconnected from chest timer"}
{"level":30,"time":1766352467956,"pid":80907,"hostname":"reuvens-MacBook-Pro.local","msg":"User 693c0eea4b6bdabbf4d60727 connected to chest timer"}
{"level":30,"time":1766352496882,"pid":80907,"hostname":"reuvens-MacBook-Pro.local","msg":"User 693c0eea4b6bdabbf4d60727 disconnected from chest timer"}
{"level":30,"time":1766352499571,"pid":80907,"hostname":"reuvens-MacBook-Pro.local","msg":"User 693c0eea4b6bdabbf4d60727 connected to chest timer"}
{"level":30,"time":1766352706480,"pid":80907,"hostname":"reuvens-MacBook-Pro.local","msg":"User 693c0eea4b6bdabbf4d60727 disconnected from chest timer"}
{"level":30,"time":1766352718505,"pid":80907,"hostname":"reuvens-MacBook-Pro.local","msg":"User 6944245ba2a627085bc7f8e5 disconnected from chest timer"}
{"level":30,"time":1766352718893,"pid":80907,"hostname":"reuvens-MacBook-Pro.local","msg":"User 6944245ba2a627085bc7f8e5 connected to chest timer"}
{"level":30,"time":1766352748657,"pid":80907,"hostname":"reuvens-MacBook-Pro.local","msg":"User 693c0eea4b6bdabbf4d60727 connected to chest timer"}
{"level":30,"time":1766353891483,"pid":80907,"hostname":"reuvens-MacBook-Pro.local","msg":"User 693c0eea4b6bdabbf4d60727 disconnected from chest timer"}
{"level":30,"time":1766353900825,"pid":80907,"hostname":"reuvens-MacBook-Pro.local","msg":"User 693c0eea4b6bdabbf4d60727 connected to chest timer"}
{"level":30,"time":1766353950117,"pid":80907,"hostname":"reuvens-MacBook-Pro.local","msg":"User 693c0eea4b6bdabbf4d60727 disconnected from chest timer"}
{"level":30,"time":1766353952768,"pid":80907,"hostname":"reuvens-MacBook-Pro.local","msg":"User 693c0eea4b6bdabbf4d60727 connected to chest timer"}
{"level":30,"time":1766354135554,"pid":80907,"hostname":"reuvens-MacBook-Pro.local","msg":"User 693c0eea4b6bdabbf4d60727 opened bronze chest (timed): 2 cards, 101 coins, 1 gems"}
{"level":30,"time":1766354146414,"pid":80907,"hostname":"reuvens-MacBook-Pro.local","msg":"User 694814cb31c23651e81a9c81 connected to chest timer"}
{"level":30,"time":1766354586315,"pid":80907,"hostname":"reuvens-MacBook-Pro.local","msg":"User 693c0eea4b6bdabbf4d60727 disconnected from chest timer"}
{"level":30,"time":1766354691522,"pid":80907,"hostname":"reuvens-MacBook-Pro.local","msg":"User 693c0eea4b6bdabbf4d60727 connected to chest timer"}
{"level":30,"time":1766354999050,"pid":80907,"hostname":"reuvens-MacBook-Pro.local","msg":"User 693c0eea4b6bdabbf4d60727 upgraded card magnet_rare_01 to Star 1"}
{"level":30,"time":1766355313823,"pid":80907,"hostname":"reuvens-MacBook-Pro.local","msg":"User 693c0eea4b6bdabbf4d60727 disconnected from chest timer"}
{"level":30,"time":1766355315088,"pid":80907,"hostname":"reuvens-MacBook-Pro.local","msg":"User 693c0eea4b6bdabbf4d60727 connected to chest timer"}
{"level":30,"time":1766358657492,"pid":80907,"hostname":"reuvens-MacBook-Pro.local","msg":"User 694814cb31c23651e81a9c81 disconnected from chest timer"}
{"level":30,"time":1766358664475,"pid":80907,"hostname":"reuvens-MacBook-Pro.local","msg":"User 694814cb31c23651e81a9c81 connected to chest timer"}
{"level":30,"time":1766360349825,"pid":80907,"hostname":"reuvens-MacBook-Pro.local","msg":"User 693c0eea4b6bdabbf4d60727 disconnected from chest timer"}
{"level":30,"time":1766360352828,"pid":80907,"hostname":"reuvens-MacBook-Pro.local","msg":"User 693c0eea4b6bdabbf4d60727 connected to chest timer"}
{"level":30,"time":1766360625953,"pid":80907,"hostname":"reuvens-MacBook-Pro.local","msg":"Shutting down..."}
{"level":30,"time":1766360626494,"pid":80907,"hostname":"reuvens-MacBook-Pro.local","msg":"User 6944245ba2a627085bc7f8e5 disconnected from chest timer"}
{"level":30,"time":1766360626655,"pid":80907,"hostname":"reuvens-MacBook-Pro.local","msg":"User 694814cb31c23651e81a9c81 disconnected from chest timer"}
{"level":30,"time":1766360626668,"pid":80907,"hostname":"reuvens-MacBook-Pro.local","msg":"User 693c0eea4b6bdabbf4d60727 disconnected from chest timer"}
{"level":30,"time":1766360626697,"pid":80907,"hostname":"reuvens-MacBook-Pro.local","msg":"[DB] Disconnected from MongoDB"}
{"level":30,"time":1766360627387,"pid":83510,"hostname":"reuvens-MacBook-Pro.local","msg":"Chest socket namespace initialized"}
{"level":30,"time":1766360629047,"pid":83510,"hostname":"reuvens-MacBook-Pro.local","msg":"[DB] Connected to MongoDB"}
{"level":30,"time":1766360629047,"pid":83510,"hostname":"reuvens-MacBook-Pro.local","msg":"Server running on port 3459 in production mode"}
{"level":30,"time":1766360629048,"pid":83510,"hostname":"reuvens-MacBook-Pro.local","msg":"Next leaderboard reward distribution scheduled in 16 minutes"}
{"level":30,"time":1766360630248,"pid":83510,"hostname":"reuvens-MacBook-Pro.local","msg":"Leaderboard rewards already distributed today"}
{"level":30,"time":1766360631447,"pid":83510,"hostname":"reuvens-MacBook-Pro.local","msg":"User 694814cb31c23651e81a9c81 connected to chest timer"}
{"level":30,"time":1766360631589,"pid":83510,"hostname":"reuvens-MacBook-Pro.local","msg":"User 693c0eea4b6bdabbf4d60727 connected to chest timer"}
{"level":30,"time":1766360631937,"pid":83510,"hostname":"reuvens-MacBook-Pro.local","msg":"User 6944245ba2a627085bc7f8e5 connected to chest timer"}
{"level":30,"time":1766360639184,"pid":83510,"hostname":"reuvens-MacBook-Pro.local","msg":"Shutting down..."}
{"level":30,"time":1766360639487,"pid":83510,"hostname":"reuvens-MacBook-Pro.local","msg":"User 6944245ba2a627085bc7f8e5 disconnected from chest timer"}
{"level":30,"time":1766360639654,"pid":83510,"hostname":"reuvens-MacBook-Pro.local","msg":"User 694814cb31c23651e81a9c81 disconnected from chest timer"}
{"level":30,"time":1766360639657,"pid":83510,"hostname":"reuvens-MacBook-Pro.local","msg":"User 693c0eea4b6bdabbf4d60727 disconnected from chest timer"}
{"level":30,"time":1766360639670,"pid":83510,"hostname":"reuvens-MacBook-Pro.local","msg":"[DB] Disconnected from MongoDB"}
{"level":30,"time":1766360640119,"pid":83566,"hostname":"reuvens-MacBook-Pro.local","msg":"Chest socket namespace initialized"}
{"level":30,"time":1766360641667,"pid":83566,"hostname":"reuvens-MacBook-Pro.local","msg":"[DB] Connected to MongoDB"}
{"level":30,"time":1766360641668,"pid":83566,"hostname":"reuvens-MacBook-Pro.local","msg":"Server running on port 3459 in production mode"}
{"level":30,"time":1766360641669,"pid":83566,"hostname":"reuvens-MacBook-Pro.local","msg":"Next leaderboard reward distribution scheduled in 15 minutes"}
{"level":30,"time":1766360642966,"pid":83566,"hostname":"reuvens-MacBook-Pro.local","msg":"Leaderboard rewards already distributed today"}
{"level":30,"time":1766360644494,"pid":83566,"hostname":"reuvens-MacBook-Pro.local","msg":"User 694814cb31c23651e81a9c81 connected to chest timer"}
{"level":30,"time":1766360644557,"pid":83566,"hostname":"reuvens-MacBook-Pro.local","msg":"User 693c0eea4b6bdabbf4d60727 connected to chest timer"}
{"level":30,"time":1766360645512,"pid":83566,"hostname":"reuvens-MacBook-Pro.local","msg":"User 6944245ba2a627085bc7f8e5 connected to chest timer"}
{"level":30,"time":1766361025826,"pid":83566,"hostname":"reuvens-MacBook-Pro.local","msg":"User 694814cb31c23651e81a9c81 opened gold chest (timed): 4 cards, 1945 coins, 13 gems"}
{"level":30,"time":1766361036457,"pid":83566,"hostname":"reuvens-MacBook-Pro.local","msg":"User 694814cb31c23651e81a9c81 disconnected from chest timer"}
{"level":30,"time":1766361039439,"pid":83566,"hostname":"reuvens-MacBook-Pro.local","msg":"User 694814cb31c23651e81a9c81 connected to chest timer"}
{"level":30,"time":1766361239560,"pid":83566,"hostname":"reuvens-MacBook-Pro.local","msg":"User 694814cb31c23651e81a9c81 disconnected from chest timer"}
{"level":30,"time":1766361242565,"pid":83566,"hostname":"reuvens-MacBook-Pro.local","msg":"User 694814cb31c23651e81a9c81 connected to chest timer"}
{"level":30,"time":1766361400066,"pid":83566,"hostname":"reuvens-MacBook-Pro.local","msg":"User 694814cb31c23651e81a9c81 opened bronze chest (timed): 2 cards, 465 coins, 0 gems"}
{"level":30,"time":1766361600965,"pid":83566,"hostname":"reuvens-MacBook-Pro.local","msg":"Distributed leaderboard reward to not be milk (Rank #1): 1000000 coins, 1000 gems, legendary chest"}
{"level":30,"time":1766361602587,"pid":83566,"hostname":"reuvens-MacBook-Pro.local","msg":"Distributed leaderboard reward to Reuven DegensGames (Rank #2): 333333 coins, 333 gems, legendary chest"}
{"level":30,"time":1766361603205,"pid":83566,"hostname":"reuvens-MacBook-Pro.local","msg":"Distributed leaderboard reward to reuven dagaga (Rank #3): 166666 coins, 166 gems, legendary chest"}
{"level":30,"time":1766361603670,"pid":83566,"hostname":"reuvens-MacBook-Pro.local","msg":"Distributed leaderboard reward to Ugo Baga (Rank #4): 500 coins, 0 gems, simple chest"}
{"level":30,"time":1766361604149,"pid":83566,"hostname":"reuvens-MacBook-Pro.local","msg":"Distributed leaderboard reward to BV V (Rank #5): 500 coins, 0 gems, simple chest"}
{"level":30,"time":1766361604312,"pid":83566,"hostname":"reuvens-MacBook-Pro.local","msg":"Leaderboard rewards distributed: 5 players"}
{"level":30,"time":1766361604312,"pid":83566,"hostname":"reuvens-MacBook-Pro.local","msg":"Leaderboard rewards distributed to 5 players"}
{"level":30,"time":1766361604312,"pid":83566,"hostname":"reuvens-MacBook-Pro.local","msg":"Next leaderboard reward distribution scheduled in 1439 minutes"}
{"level":30,"time":1766361677388,"pid":83566,"hostname":"reuvens-MacBook-Pro.local","msg":"User 694814cb31c23651e81a9c81 disconnected from chest timer"}
{"level":30,"time":1766361677405,"pid":83566,"hostname":"reuvens-MacBook-Pro.local","msg":"User 693c0eea4b6bdabbf4d60727 disconnected from chest timer"}
{"level":30,"time":1766361677405,"pid":83566,"hostname":"reuvens-MacBook-Pro.local","msg":"User 6944245ba2a627085bc7f8e5 disconnected from chest timer"}
{"level":30,"time":1766361678268,"pid":83566,"hostname":"reuvens-MacBook-Pro.local","msg":"User 6944245ba2a627085bc7f8e5 connected to chest timer"}
{"level":30,"time":1766361682268,"pid":83566,"hostname":"reuvens-MacBook-Pro.local","msg":"User 694814cb31c23651e81a9c81 connected to chest timer"}
{"level":30,"time":1766361682652,"pid":83566,"hostname":"reuvens-MacBook-Pro.local","msg":"User 693c0eea4b6bdabbf4d60727 connected to chest timer"}
{"level":50,"time":1766378541806,"pid":83566,"hostname":"reuvens-MacBook-Pro.local","msg":"Error in chest timer interval: getaddrinfo ENOTFOUND learn-shard-00-01.trpjx.mongodb.net"}
{"level":50,"time":1766378573819,"pid":83566,"hostname":"reuvens-MacBook-Pro.local","msg":"Error in chest timer interval: connection 128 to 89.192.9.59:27017 timed out"}
{"level":50,"time":1766378639478,"pid":83566,"hostname":"reuvens-MacBook-Pro.local","msg":"Error in chest timer interval: getaddrinfo ENOTFOUND learn-shard-00-01.trpjx.mongodb.net"}
{"level":30,"time":1766385237762,"pid":83566,"hostname":"reuvens-MacBook-Pro.local","msg":"User 693c0eea4b6bdabbf4d60727 disconnected from chest timer"}
{"level":30,"time":1766385237764,"pid":83566,"hostname":"reuvens-MacBook-Pro.local","msg":"User 6944245ba2a627085bc7f8e5 disconnected from chest timer"}
{"level":30,"time":1766385237764,"pid":83566,"hostname":"reuvens-MacBook-Pro.local","msg":"User 694814cb31c23651e81a9c81 disconnected from chest timer"}
{"level":30,"time":1766385239140,"pid":83566,"hostname":"reuvens-MacBook-Pro.local","msg":"User 6944245ba2a627085bc7f8e5 connected to chest timer"}
{"level":30,"time":1766385242743,"pid":83566,"hostname":"reuvens-MacBook-Pro.local","msg":"User 694814cb31c23651e81a9c81 connected to chest timer"}
{"level":30,"time":1766385243010,"pid":83566,"hostname":"reuvens-MacBook-Pro.local","msg":"User 693c0eea4b6bdabbf4d60727 connected to chest timer"}
{"level":30,"time":1766389279886,"pid":83566,"hostname":"reuvens-MacBook-Pro.local","msg":"User 694814cb31c23651e81a9c81 disconnected from chest timer"}
{"level":30,"time":1766389281252,"pid":83566,"hostname":"reuvens-MacBook-Pro.local","msg":"User 694814cb31c23651e81a9c81 connected to chest timer"}
{"level":30,"time":1766390669298,"pid":83566,"hostname":"reuvens-MacBook-Pro.local","msg":"User 694814cb31c23651e81a9c81 upgraded card magnet_uncommon_01 to Star 1"}
{"level":30,"time":1766390671777,"pid":83566,"hostname":"reuvens-MacBook-Pro.local","msg":"User 694814cb31c23651e81a9c81 upgraded card magnet_uncommon_01 to Star 2"}
{"level":30,"time":1766390770475,"pid":83566,"hostname":"reuvens-MacBook-Pro.local","msg":"Shutting down..."}
{"level":30,"time":1766390776042,"pid":86787,"hostname":"reuvens-MacBook-Pro.local","msg":"Chest socket namespace initialized"}
{"level":30,"time":1766390777690,"pid":86787,"hostname":"reuvens-MacBook-Pro.local","msg":"[DB] Connected to MongoDB"}
{"level":30,"time":1766390777691,"pid":86787,"hostname":"reuvens-MacBook-Pro.local","msg":"Server running on port 3459 in production mode"}
{"level":30,"time":1766390777693,"pid":86787,"hostname":"reuvens-MacBook-Pro.local","msg":"Next leaderboard reward distribution scheduled in 953 minutes"}
{"level":30,"time":1766390778904,"pid":86787,"hostname":"reuvens-MacBook-Pro.local","msg":"Leaderboard rewards already distributed today"}
{"level":30,"time":1766390779215,"pid":86787,"hostname":"reuvens-MacBook-Pro.local","msg":"User 6944245ba2a627085bc7f8e5 connected to chest timer"}
{"level":30,"time":1766390779367,"pid":86787,"hostname":"reuvens-MacBook-Pro.local","msg":"User 693c0eea4b6bdabbf4d60727 connected to chest timer"}
{"level":30,"time":1766390780885,"pid":86787,"hostname":"reuvens-MacBook-Pro.local","msg":"User 694814cb31c23651e81a9c81 connected to chest timer"}
{"level":30,"time":1766392412636,"pid":86787,"hostname":"reuvens-MacBook-Pro.local","msg":"User 694814cb31c23651e81a9c81 disconnected from chest timer"}
{"level":30,"time":1766392412639,"pid":86787,"hostname":"reuvens-MacBook-Pro.local","msg":"User 693c0eea4b6bdabbf4d60727 disconnected from chest timer"}
{"level":30,"time":1766392412640,"pid":86787,"hostname":"reuvens-MacBook-Pro.local","msg":"User 6944245ba2a627085bc7f8e5 disconnected from chest timer"}
{"level":30,"time":1766392413510,"pid":86787,"hostname":"reuvens-MacBook-Pro.local","msg":"User 6944245ba2a627085bc7f8e5 connected to chest timer"}
{"level":30,"time":1766392417725,"pid":86787,"hostname":"reuvens-MacBook-Pro.local","msg":"User 694814cb31c23651e81a9c81 connected to chest timer"}
{"level":30,"time":1766392418030,"pid":86787,"hostname":"reuvens-MacBook-Pro.local","msg":"User 693c0eea4b6bdabbf4d60727 connected to chest timer"}
{"level":50,"time":1766392770893,"pid":86787,"hostname":"reuvens-MacBook-Pro.local","msg":"Error in chest timer interval: getaddrinfo ENOTFOUND learn-shard-00-00.trpjx.mongodb.net"}
{"level":50,"time":1766392770893,"pid":86787,"hostname":"reuvens-MacBook-Pro.local","msg":"Error in chest timer interval: getaddrinfo ENOTFOUND learn-shard-00-00.trpjx.mongodb.net"}
{"level":50,"time":1766392770893,"pid":86787,"hostname":"reuvens-MacBook-Pro.local","msg":"Error in chest timer interval: getaddrinfo ENOTFOUND learn-shard-00-00.trpjx.mongodb.net"}
{"level":50,"time":1766392772053,"pid":86787,"hostname":"reuvens-MacBook-Pro.local","msg":"Error in chest timer interval: getaddrinfo ENOTFOUND learn-shard-00-00.trpjx.mongodb.net"}
{"level":50,"time":1766392772053,"pid":86787,"hostname":"reuvens-MacBook-Pro.local","msg":"Error in chest timer interval: getaddrinfo ENOTFOUND learn-shard-00-00.trpjx.mongodb.net"}
{"level":50,"time":1766392772053,"pid":86787,"hostname":"reuvens-MacBook-Pro.local","msg":"Error in chest timer interval: getaddrinfo ENOTFOUND learn-shard-00-00.trpjx.mongodb.net"}
{"level":50,"time":1766393776547,"pid":86787,"hostname":"reuvens-MacBook-Pro.local","msg":"Error in chest timer interval: getaddrinfo ENOTFOUND learn-shard-00-00.trpjx.mongodb.net"}
{"level":50,"time":1766393776547,"pid":86787,"hostname":"reuvens-MacBook-Pro.local","msg":"Error in chest timer interval: getaddrinfo ENOTFOUND learn-shard-00-00.trpjx.mongodb.net"}
{"level":50,"time":1766393776547,"pid":86787,"hostname":"reuvens-MacBook-Pro.local","msg":"Error in chest timer interval: getaddrinfo ENOTFOUND learn-shard-00-00.trpjx.mongodb.net"}
{"level":50,"time":1766393776548,"pid":86787,"hostname":"reuvens-MacBook-Pro.local","msg":"Error in chest timer interval: getaddrinfo ENOTFOUND learn-shard-00-00.trpjx.mongodb.net"}
{"level":50,"time":1766393776548,"pid":86787,"hostname":"reuvens-MacBook-Pro.local","msg":"Error in chest timer interval: getaddrinfo ENOTFOUND learn-shard-00-00.trpjx.mongodb.net"}
{"level":50,"time":1766393776548,"pid":86787,"hostname":"reuvens-MacBook-Pro.local","msg":"Error in chest timer interval: getaddrinfo ENOTFOUND learn-shard-00-00.trpjx.mongodb.net"}
{"level":50,"time":1766393806549,"pid":86787,"hostname":"reuvens-MacBook-Pro.local","msg":"Error in chest timer interval: getaddrinfo ENOTFOUND learn-shard-00-00.trpjx.mongodb.net"}
{"level":50,"time":1766393806550,"pid":86787,"hostname":"reuvens-MacBook-Pro.local","msg":"Error in chest timer interval: getaddrinfo ENOTFOUND learn-shard-00-00.trpjx.mongodb.net"}
{"level":50,"time":1766393806550,"pid":86787,"hostname":"reuvens-MacBook-Pro.local","msg":"Error in chest timer interval: getaddrinfo ENOTFOUND learn-shard-00-00.trpjx.mongodb.net"}
{"level":50,"time":1766394115198,"pid":86787,"hostname":"reuvens-MacBook-Pro.local","msg":"Error in chest timer interval: getaddrinfo ENOTFOUND learn-shard-00-00.trpjx.mongodb.net"}
{"level":50,"time":1766394115198,"pid":86787,"hostname":"reuvens-MacBook-Pro.local","msg":"Error in chest timer interval: getaddrinfo ENOTFOUND learn-shard-00-00.trpjx.mongodb.net"}
{"level":50,"time":1766394115198,"pid":86787,"hostname":"reuvens-MacBook-Pro.local","msg":"Error in chest timer interval: getaddrinfo ENOTFOUND learn-shard-00-00.trpjx.mongodb.net"}
{"level":50,"time":1766394115198,"pid":86787,"hostname":"reuvens-MacBook-Pro.local","msg":"Error in chest timer interval: getaddrinfo ENOTFOUND learn-shard-00-00.trpjx.mongodb.net"}
{"level":50,"time":1766394115198,"pid":86787,"hostname":"reuvens-MacBook-Pro.local","msg":"Error in chest timer interval: getaddrinfo ENOTFOUND learn-shard-00-00.trpjx.mongodb.net"}
{"level":50,"time":1766394115198,"pid":86787,"hostname":"reuvens-MacBook-Pro.local","msg":"Error in chest timer interval: getaddrinfo ENOTFOUND learn-shard-00-00.trpjx.mongodb.net"}
{"level":50,"time":1766394115198,"pid":86787,"hostname":"reuvens-MacBook-Pro.local","msg":"Error in chest timer interval: getaddrinfo ENOTFOUND learn-shard-00-00.trpjx.mongodb.net"}
{"level":50,"time":1766394115198,"pid":86787,"hostname":"reuvens-MacBook-Pro.local","msg":"Error in chest timer interval: getaddrinfo ENOTFOUND learn-shard-00-00.trpjx.mongodb.net"}
{"level":50,"time":1766394115198,"pid":86787,"hostname":"reuvens-MacBook-Pro.local","msg":"Error in chest timer interval: getaddrinfo ENOTFOUND learn-shard-00-00.trpjx.mongodb.net"}
{"level":30,"time":1766397262310,"pid":86787,"hostname":"reuvens-MacBook-Pro.local","msg":"User 693c0eea4b6bdabbf4d60727 disconnected from chest timer"}
{"level":30,"time":1766397262311,"pid":86787,"hostname":"reuvens-MacBook-Pro.local","msg":"User 6944245ba2a627085bc7f8e5 disconnected from chest timer"}
{"level":30,"time":1766397262311,"pid":86787,"hostname":"reuvens-MacBook-Pro.local","msg":"User 694814cb31c23651e81a9c81 disconnected from chest timer"}
{"level":30,"time":1766397263247,"pid":86787,"hostname":"reuvens-MacBook-Pro.local","msg":"User 6944245ba2a627085bc7f8e5 connected to chest timer"}
{"level":30,"time":1766397267531,"pid":86787,"hostname":"reuvens-MacBook-Pro.local","msg":"User 694814cb31c23651e81a9c81 connected to chest timer"}
{"level":30,"time":1766397267829,"pid":86787,"hostname":"reuvens-MacBook-Pro.local","msg":"User 693c0eea4b6bdabbf4d60727 connected to chest timer"}
{"level":30,"time":1766398296975,"pid":86787,"hostname":"reuvens-MacBook-Pro.local","msg":"User 694814cb31c23651e81a9c81 opened bronze chest (timed): 2 cards, 328 coins, 5 gems"}
{"level":30,"time":1766398630712,"pid":86787,"hostname":"reuvens-MacBook-Pro.local","msg":"User 694814cb31c23651e81a9c81 opened silver chest (timed): 3 cards, 488 coins, 15 gems"}
{"level":30,"time":1766398640503,"pid":86787,"hostname":"reuvens-MacBook-Pro.local","msg":"User 694814cb31c23651e81a9c81 disconnected from chest timer"}
{"level":30,"time":1766398642200,"pid":86787,"hostname":"reuvens-MacBook-Pro.local","msg":"User 694814cb31c23651e81a9c81 connected to chest timer"}
{"level":30,"time":1766398656230,"pid":86787,"hostname":"reuvens-MacBook-Pro.local","msg":"User 694814cb31c23651e81a9c81 upgraded card power_rare_01 to Star 1"}
{"level":50,"time":1766398658281,"pid":86787,"hostname":"reuvens-MacBook-Pro.local","msg":"Upgrade card error:"}
{"level":50,"time":1766398663905,"pid":86787,"hostname":"reuvens-MacBook-Pro.local","msg":"Upgrade card error:"}
{"level":50,"time":1766398668454,"pid":86787,"hostname":"reuvens-MacBook-Pro.local","msg":"Upgrade card error:"}
{"level":50,"time":1766398670226,"pid":86787,"hostname":"reuvens-MacBook-Pro.local","msg":"Upgrade card error:"}
{"level":50,"time":1766398676411,"pid":86787,"hostname":"reuvens-MacBook-Pro.local","msg":"Upgrade card error:"}
{"level":30,"time":1766398681732,"pid":86787,"hostname":"reuvens-MacBook-Pro.local","msg":"User 694814cb31c23651e81a9c81 disconnected from chest timer"}
{"level":30,"time":1766398684912,"pid":86787,"hostname":"reuvens-MacBook-Pro.local","msg":"User 694814cb31c23651e81a9c81 connected to chest timer"}
{"level":30,"time":1766398700947,"pid":86787,"hostname":"reuvens-MacBook-Pro.local","msg":"User 694814cb31c23651e81a9c81 upgraded card magnet_rare_01 to Star 1"}
{"level":50,"time":1766398708049,"pid":86787,"hostname":"reuvens-MacBook-Pro.local","msg":"Upgrade card error:"}
{"level":30,"time":1766398712772,"pid":86787,"hostname":"reuvens-MacBook-Pro.local","msg":"User 694814cb31c23651e81a9c81 disconnected from chest timer"}
{"level":30,"time":1766398716036,"pid":86787,"hostname":"reuvens-MacBook-Pro.local","msg":"User 694814cb31c23651e81a9c81 connected to chest timer"}
{"level":30,"time":1766398992198,"pid":86787,"hostname":"reuvens-MacBook-Pro.local","msg":"User 694814cb31c23651e81a9c81 disconnected from chest timer"}
{"level":30,"time":1766398992588,"pid":86787,"hostname":"reuvens-MacBook-Pro.local","msg":"User 694814cb31c23651e81a9c81 connected to chest timer"}
{"level":30,"time":1766398992752,"pid":86787,"hostname":"reuvens-MacBook-Pro.local","msg":"User 693c0eea4b6bdabbf4d60727 disconnected from chest timer"}
{"level":30,"time":1766398993154,"pid":86787,"hostname":"reuvens-MacBook-Pro.local","msg":"User 693c0eea4b6bdabbf4d60727 connected to chest timer"}
{"level":30,"time":1766399010142,"pid":86787,"hostname":"reuvens-MacBook-Pro.local","msg":"User 694814cb31c23651e81a9c81 opened bronze chest (timed): 1 cards, 278 coins, 5 gems"}
{"level":30,"time":1766399295546,"pid":86787,"hostname":"reuvens-MacBook-Pro.local","msg":"User 694814cb31c23651e81a9c81 opened bronze chest (timed): 1 cards, 341 coins, 0 gems"}
{"level":30,"time":1766399389804,"pid":86787,"hostname":"reuvens-MacBook-Pro.local","msg":"User 694814cb31c23651e81a9c81 disconnected from chest timer"}
{"level":30,"time":1766399389806,"pid":86787,"hostname":"reuvens-MacBook-Pro.local","msg":"User 693c0eea4b6bdabbf4d60727 disconnected from chest timer"}
{"level":30,"time":1766399390379,"pid":86787,"hostname":"reuvens-MacBook-Pro.local","msg":"User 694814cb31c23651e81a9c81 connected to chest timer"}
{"level":30,"time":1766399390380,"pid":86787,"hostname":"reuvens-MacBook-Pro.local","msg":"User 693c0eea4b6bdabbf4d60727 connected to chest timer"}
{"level":30,"time":1766399529302,"pid":86787,"hostname":"reuvens-MacBook-Pro.local","msg":"User 694814cb31c23651e81a9c81 upgraded card speed_rare_01 to Star 1"}
{"level":30,"time":1766399530492,"pid":86787,"hostname":"reuvens-MacBook-Pro.local","msg":"User 694814cb31c23651e81a9c81 disconnected from chest timer"}
{"level":30,"time":1766399530858,"pid":86787,"hostname":"reuvens-MacBook-Pro.local","msg":"User 694814cb31c23651e81a9c81 connected to chest timer"}
{"level":30,"time":1766400410829,"pid":86787,"hostname":"reuvens-MacBook-Pro.local","msg":"User 6944245ba2a627085bc7f8e5 disconnected from chest timer"}
{"level":30,"time":1766400411703,"pid":86787,"hostname":"reuvens-MacBook-Pro.local","msg":"User 6944245ba2a627085bc7f8e5 connected to chest timer"}
{"level":30,"time":1766400463744,"pid":86787,"hostname":"reuvens-MacBook-Pro.local","msg":"User 6944245ba2a627085bc7f8e5 disconnected from chest timer"}
{"level":30,"time":1766400463963,"pid":86787,"hostname":"reuvens-MacBook-Pro.local","msg":"User 6944245ba2a627085bc7f8e5 connected to chest timer"}
{"level":30,"time":1766400467814,"pid":86787,"hostname":"reuvens-MacBook-Pro.local","msg":"User 6944245ba2a627085bc7f8e5 opened bronze chest (timed): 2 cards, 203 coins, 3 gems"}
{"level":30,"time":1766400521470,"pid":86787,"hostname":"reuvens-MacBook-Pro.local","msg":"User 694814cb31c23651e81a9c81 disconnected from chest timer"}
{"level":30,"time":1766400524553,"pid":86787,"hostname":"reuvens-MacBook-Pro.local","msg":"User 694814cb31c23651e81a9c81 connected to chest timer"}
{"level":30,"time":1766400576891,"pid":86787,"hostname":"reuvens-MacBook-Pro.local","msg":"User 694814cb31c23651e81a9c81 disconnected from chest timer"}
{"level":30,"time":1766400581095,"pid":86787,"hostname":"reuvens-MacBook-Pro.local","msg":"User 694814cb31c23651e81a9c81 connected to chest timer"}
{"level":30,"time":1766402228866,"pid":86787,"hostname":"reuvens-MacBook-Pro.local","msg":"User 6944245ba2a627085bc7f8e5 disconnected from chest timer"}
{"level":30,"time":1766402229022,"pid":86787,"hostname":"reuvens-MacBook-Pro.local","msg":"User 694814cb31c23651e81a9c81 disconnected from chest timer"}
{"level":30,"time":1766402229024,"pid":86787,"hostname":"reuvens-MacBook-Pro.local","msg":"User 693c0eea4b6bdabbf4d60727 disconnected from chest timer"}
{"level":30,"time":1766402229321,"pid":86787,"hostname":"reuvens-MacBook-Pro.local","msg":"User 6944245ba2a627085bc7f8e5 connected to chest timer"}
{"level":30,"time":1766402233864,"pid":86787,"hostname":"reuvens-MacBook-Pro.local","msg":"User 694814cb31c23651e81a9c81 connected to chest timer"}
{"level":30,"time":1766402234190,"pid":86787,"hostname":"reuvens-MacBook-Pro.local","msg":"User 693c0eea4b6bdabbf4d60727 connected to chest timer"}
{"level":30,"time":1766402510064,"pid":86787,"hostname":"reuvens-MacBook-Pro.local","msg":"User 693c0eea4b6bdabbf4d60727 opened bronze chest (timed): 2 cards, 203 coins, 1 gems"}
{"level":30,"time":1766402711403,"pid":86787,"hostname":"reuvens-MacBook-Pro.local","msg":"User 693c0eea4b6bdabbf4d60727 opened bronze chest (timed): 1 cards, 343 coins, 0 gems"}
{"level":50,"time":1766403119618,"pid":86787,"hostname":"reuvens-MacBook-Pro.local","msg":"Error in chest timer interval: getaddrinfo ENOTFOUND learn-shard-00-00.trpjx.mongodb.net"}
{"level":50,"time":1766403124083,"pid":86787,"hostname":"reuvens-MacBook-Pro.local","msg":"Error in chest timer interval: getaddrinfo ENOTFOUND learn-shard-00-00.trpjx.mongodb.net"}
{"level":50,"time":1766403124389,"pid":86787,"hostname":"reuvens-MacBook-Pro.local","msg":"Error in chest timer interval: getaddrinfo ENOTFOUND learn-shard-00-00.trpjx.mongodb.net"}
{"level":50,"time":1766403129613,"pid":86787,"hostname":"reuvens-MacBook-Pro.local","msg":"Error in chest timer interval: getaddrinfo ENOTFOUND learn-shard-00-00.trpjx.mongodb.net"}
{"level":50,"time":1766403134083,"pid":86787,"hostname":"reuvens-MacBook-Pro.local","msg":"Error in chest timer interval: getaddrinfo ENOTFOUND learn-shard-00-00.trpjx.mongodb.net"}
{"level":50,"time":1766403134389,"pid":86787,"hostname":"reuvens-MacBook-Pro.local","msg":"Error in chest timer interval: getaddrinfo ENOTFOUND learn-shard-00-00.trpjx.mongodb.net"}
{"level":50,"time":1766403139615,"pid":86787,"hostname":"reuvens-MacBook-Pro.local","msg":"Error in chest timer interval: getaddrinfo ENOTFOUND learn-shard-00-00.trpjx.mongodb.net"}
{"level":50,"time":1766403144086,"pid":86787,"hostname":"reuvens-MacBook-Pro.local","msg":"Error in chest timer interval: getaddrinfo ENOTFOUND learn-shard-00-00.trpjx.mongodb.net"}
{"level":50,"time":1766403144392,"pid":86787,"hostname":"reuvens-MacBook-Pro.local","msg":"Error in chest timer interval: getaddrinfo ENOTFOUND learn-shard-00-00.trpjx.mongodb.net"}
{"level":30,"time":1766403146825,"pid":86787,"hostname":"reuvens-MacBook-Pro.local","msg":"User 6944245ba2a627085bc7f8e5 disconnected from chest timer"}
{"level":30,"time":1766403146825,"pid":86787,"hostname":"reuvens-MacBook-Pro.local","msg":"User 694814cb31c23651e81a9c81 disconnected from chest timer"}
{"level":30,"time":1766403146825,"pid":86787,"hostname":"reuvens-MacBook-Pro.local","msg":"User 693c0eea4b6bdabbf4d60727 disconnected from chest timer"}
{"level":50,"time":1766403149616,"pid":86787,"hostname":"reuvens-MacBook-Pro.local","msg":"Error in chest timer interval: getaddrinfo ENOTFOUND learn-shard-00-00.trpjx.mongodb.net"}
{"level":50,"time":1766403524674,"pid":86787,"hostname":"reuvens-MacBook-Pro.local","msg":"Error in chest timer interval: getaddrinfo ENOTFOUND learn-shard-00-00.trpjx.mongodb.net"}
{"level":50,"time":1766403524674,"pid":86787,"hostname":"reuvens-MacBook-Pro.local","msg":"Error in chest timer interval: getaddrinfo ENOTFOUND learn-shard-00-00.trpjx.mongodb.net"}
{"level":50,"time":1766403524674,"pid":86787,"hostname":"reuvens-MacBook-Pro.local","msg":"Error in chest timer interval: getaddrinfo ENOTFOUND learn-shard-00-00.trpjx.mongodb.net"}
{"level":50,"time":1766403524675,"pid":86787,"hostname":"reuvens-MacBook-Pro.local","msg":"Error in chest timer interval: getaddrinfo ENOTFOUND learn-shard-00-00.trpjx.mongodb.net"}
{"level":50,"time":1766403524675,"pid":86787,"hostname":"reuvens-MacBook-Pro.local","msg":"Error in chest timer interval: getaddrinfo ENOTFOUND learn-shard-00-00.trpjx.mongodb.net"}
{"level":50,"time":1766403524675,"pid":86787,"hostname":"reuvens-MacBook-Pro.local","msg":"Error in chest timer interval: getaddrinfo ENOTFOUND learn-shard-00-00.trpjx.mongodb.net"}
{"level":50,"time":1766403524675,"pid":86787,"hostname":"reuvens-MacBook-Pro.local","msg":"Error in chest timer interval: getaddrinfo ENOTFOUND learn-shard-00-00.trpjx.mongodb.net"}
{"level":50,"time":1766403524675,"pid":86787,"hostname":"reuvens-MacBook-Pro.local","msg":"Error in chest timer interval: getaddrinfo ENOTFOUND learn-shard-00-00.trpjx.mongodb.net"}
{"level":50,"time":1766405520509,"pid":86787,"hostname":"reuvens-MacBook-Pro.local","msg":"Error in chest timer interval: getaddrinfo ENOTFOUND learn-shard-00-00.trpjx.mongodb.net"}
{"level":50,"time":1766405520509,"pid":86787,"hostname":"reuvens-MacBook-Pro.local","msg":"Error in chest timer interval: getaddrinfo ENOTFOUND learn-shard-00-00.trpjx.mongodb.net"}
{"level":50,"time":1766405520509,"pid":86787,"hostname":"reuvens-MacBook-Pro.local","msg":"Error in chest timer interval: getaddrinfo ENOTFOUND learn-shard-00-00.trpjx.mongodb.net"}
{"level":50,"time":1766408442350,"pid":86787,"hostname":"reuvens-MacBook-Pro.local","msg":"Error in chest timer interval: getaddrinfo ENOTFOUND learn-shard-00-00.trpjx.mongodb.net"}
{"level":50,"time":1766410483956,"pid":86787,"hostname":"reuvens-MacBook-Pro.local","msg":"Error in chest timer interval: getaddrinfo ENOTFOUND learn-shard-00-00.trpjx.mongodb.net"}
{"level":50,"time":1766412798338,"pid":86787,"hostname":"reuvens-MacBook-Pro.local","msg":"Error in chest timer interval: getaddrinfo ENOTFOUND learn-shard-00-00.trpjx.mongodb.net"}
{"level":30,"time":1766417377592,"pid":89785,"hostname":"reuvens-MacBook-Pro.local","msg":"Chest socket namespace initialized"}
{"level":30,"time":1766417381396,"pid":89785,"hostname":"reuvens-MacBook-Pro.local","msg":"[DB] Connected to MongoDB"}
{"level":30,"time":1766417381397,"pid":89785,"hostname":"reuvens-MacBook-Pro.local","msg":"Server running on port 3459 in production mode"}
{"level":30,"time":1766417381398,"pid":89785,"hostname":"reuvens-MacBook-Pro.local","msg":"Next leaderboard reward distribution scheduled in 510 minutes"}
{"level":30,"time":1766417383139,"pid":89785,"hostname":"reuvens-MacBook-Pro.local","msg":"Leaderboard rewards already distributed today"}
{"level":30,"time":1766417386121,"pid":89785,"hostname":"reuvens-MacBook-Pro.local","msg":"User 694814cb31c23651e81a9c81 connected to chest timer"}
{"level":30,"time":1766417390934,"pid":89785,"hostname":"reuvens-MacBook-Pro.local","msg":"User 694814cb31c23651e81a9c81 opened bronze chest (timed): 1 cards, 218 coins, 1 gems"}
{"level":30,"time":1766417404653,"pid":89785,"hostname":"reuvens-MacBook-Pro.local","msg":"User 694814cb31c23651e81a9c81 disconnected from chest timer"}
{"level":30,"time":1766417407873,"pid":89785,"hostname":"reuvens-MacBook-Pro.local","msg":"User 694814cb31c23651e81a9c81 connected to chest timer"}
{"level":30,"time":1766417460074,"pid":89785,"hostname":"reuvens-MacBook-Pro.local","msg":"User 694814cb31c23651e81a9c81 disconnected from chest timer"}
{"level":30,"time":1766417563766,"pid":89785,"hostname":"reuvens-MacBook-Pro.local","msg":"User 693c0eea4b6bdabbf4d60727 connected to chest timer"}
{"level":30,"time":1766417965301,"pid":89785,"hostname":"reuvens-MacBook-Pro.local","msg":"User 694814cb31c23651e81a9c81 connected to chest timer"}
{"level":30,"time":1766418064607,"pid":89785,"hostname":"reuvens-MacBook-Pro.local","msg":"User 694814cb31c23651e81a9c81 disconnected from chest timer"}
{"level":30,"time":1766418067814,"pid":89785,"hostname":"reuvens-MacBook-Pro.local","msg":"User 694814cb31c23651e81a9c81 connected to chest timer"}
{"level":30,"time":1766419122449,"pid":89785,"hostname":"reuvens-MacBook-Pro.local","msg":"User 693c0eea4b6bdabbf4d60727 disconnected from chest timer"}
{"level":30,"time":1766419122449,"pid":89785,"hostname":"reuvens-MacBook-Pro.local","msg":"User 694814cb31c23651e81a9c81 disconnected from chest timer"}
{"level":30,"time":1766419128542,"pid":89785,"hostname":"reuvens-MacBook-Pro.local","msg":"User 694814cb31c23651e81a9c81 connected to chest timer"}
{"level":30,"time":1766419128650,"pid":89785,"hostname":"reuvens-MacBook-Pro.local","msg":"User 693c0eea4b6bdabbf4d60727 connected to chest timer"}
{"level":30,"time":1766422354202,"pid":89785,"hostname":"reuvens-MacBook-Pro.local","msg":"User 693c0eea4b6bdabbf4d60727 disconnected from chest timer"}
{"level":30,"time":1766422354203,"pid":89785,"hostname":"reuvens-MacBook-Pro.local","msg":"User 694814cb31c23651e81a9c81 disconnected from chest timer"}
{"level":30,"time":1766422360330,"pid":89785,"hostname":"reuvens-MacBook-Pro.local","msg":"User 694814cb31c23651e81a9c81 connected to chest timer"}
{"level":30,"time":1766422360656,"pid":89785,"hostname":"reuvens-MacBook-Pro.local","msg":"User 693c0eea4b6bdabbf4d60727 connected to chest timer"}
{"level":30,"time":1766423448591,"pid":89785,"hostname":"reuvens-MacBook-Pro.local","msg":"User 694814cb31c23651e81a9c81 disconnected from chest timer"}
{"level":30,"time":1766423448591,"pid":89785,"hostname":"reuvens-MacBook-Pro.local","msg":"User 693c0eea4b6bdabbf4d60727 disconnected from chest timer"}
{"level":30,"time":1766423454650,"pid":89785,"hostname":"reuvens-MacBook-Pro.local","msg":"User 694814cb31c23651e81a9c81 connected to chest timer"}
{"level":30,"time":1766423454853,"pid":89785,"hostname":"reuvens-MacBook-Pro.local","msg":"User 693c0eea4b6bdabbf4d60727 connected to chest timer"}
